-- phpMyAdmin SQL Dump
-- version 5.2.0
-- https://www.phpmyadmin.net/
--
-- Host: localhost:3306
-- Generation Time: May 15, 2025 at 07:51 AM
-- Server version: 8.0.39
-- PHP Version: 8.3.13

SET SQL_MODE = "NO_AUTO_VALUE_ON_ZERO";
START TRANSACTION;
SET time_zone = "+00:00";


/*!40101 SET @OLD_CHARACTER_SET_CLIENT=@@CHARACTER_SET_CLIENT */;
/*!40101 SET @OLD_CHARACTER_SET_RESULTS=@@CHARACTER_SET_RESULTS */;
/*!40101 SET @OLD_COLLATION_CONNECTION=@@COLLATION_CONNECTION */;
/*!40101 SET NAMES utf8mb4 */;

--
-- Database: `alfatihah`
--

-- --------------------------------------------------------

--
-- Table structure for table `banks`
--

CREATE TABLE `banks` (
  `id` int NOT NULL,
  `name` varchar(255) NOT NULL,
  `account_number` varchar(50) DEFAULT NULL,
  `account_holder` varchar(255) DEFAULT NULL,
  `logo_base64` mediumtext,
  `created_at` timestamp NULL DEFAULT CURRENT_TIMESTAMP,
  `updated_at` timestamp NULL DEFAULT CURRENT_TIMESTAMP ON UPDATE CURRENT_TIMESTAMP
) ENGINE=InnoDB DEFAULT CHARSET=utf8mb4 COLLATE=utf8mb4_general_ci;

--
-- Dumping data for table `banks`
--

INSERT INTO `banks` (`id`, `name`, `account_number`, `account_holder`, `logo_base64`, `created_at`, `updated_at`) VALUES
(1, 'BCA', '1234567890', 'Admin', NULL, '2025-04-22 07:24:55', '2025-04-22 07:24:55');
INSERT INTO `banks` (`id`, `name`, `account_number`, `account_holder`, `logo_base64`, `created_at`, `updated_at`) VALUES
(2, 'mandiri', '123123123', 'test', 'iVBORw0KGgoAAAANSUhEUgAAAx0AAAE5CAYAAAD1O02aAAAAAXNSR0IArs4c6QAAAARnQU1BAACxjwv8YQUAAAAJcEhZcwAADsMAAA7DAcdvqGQAAKtOSURBVHhe7N0HXBRHGwfg/91RBRUUbAh2jQW7iZqosX4o9t6NXVHsDXuLGnvDbqTaY+xiL9g7UbEhIgoCCkLo5W6+3b0FDrg7QD0seZ/8LrI7W2b7vrs7M5IKFSowcBgT/iGEEEIIIYSQz0IikSj/LV++PBdvMAo6CCGEEEIIIZ8VH3QIv7JlywpBh7+/v5hECCGEEEIIIZ+OizWEoENKbzkIIYQQQgghupAaa1DQQQghhBBCCNGJtKAjtYMQQgghhBBCPqfUOIOCDkIIIYQQQohOZAg6CCGEEEIIIURXKOgghBBCCCGE6BQFHYQQQgghhBCdoqCDEEIIIYQQolMUdBBCCCGEEEJ0ioIOQgghhBBCiE5R0EEIIYQQQgjRKQo6CCGEEEIIITpFQQchhBBCCCFEpyjoIIQQQgghhOgUBR2EEEIIIYQQnaKggxBCCCGEEKJTFHQQQgghhBBCdIqCDkIIIYQQQohOUdBBCCGEEEII0SkKOgghhBBCCCE6RUEHIYQQQgghRKco6CCEEEIIIYToFAUdhBBCCCGEEJ2ioIMQQgghhBCiUxR0EEIIIYQQQnSKgg5CCCGEEEKITlHQQQghhBBCCNEpCjoIIYQQQgghOkVBByGEEEIIIUSnKOgghBBCCCGE6JSkdOnSTC6XIzAwUOz1dQiOjMezkGiExyThPfeLTUqBXMFgIJOiYD59FC9ohBJmxqhULD8M9Ch2IoQQQggh5GtjY2MDmUz29QQdfIBx+fl7XHr2Hp7XA2FXrRiqlMiP0hYmMM9ngPxGepBIgMQUBRKS5XgdEY97gR9w5Xk4KhQ1xa8/WKJxRUvUL1sIhvoycaqEEEIIIYSQL+WrCDqeh0Zj0wV/rD3jh2FNygiBRpNKlihgrC8OkTNRccnweROJm/4RQsDCBypDGnHTsy0GmZSLVAghhBBCCCF57osGHfxbjVGe92DGBRejmpVDo4qWWoOD8JhEeD97j8j4ZNgUyocG5QrD2EDz2wx++nzwsejYEyzsXBWjm5WHiaGemJpzKXIFZh98hKQUBST8axZOai7Fziz9+eXggx4+j1WtCoh9P96LsBi8johDRGyS8JbHpnA+1C1ljkl7/0HXuiWFIE2bpSee4l10otiVM/+rVhQtqhQVuwghhBBCCPk4XzTo6LPlBsa1rIB6ZQqJfdTjb7TH7bqP/bffIFnOxL5AQS5YGd+qAqbb/5B2069OMneTvvasHyLjkrCgUzWxb85t936JEW53xa7ca1TBAit61kAtGzOxT/b4AOHAnSBcfPoO3s/fIyQqQUxJZ6QvRUKyQvi7RZUiXGBVDXW4QCSzM76haL3qstiVc1PsKuH3LrlfX4QQQgghhKhKDTryvAQ2fxMdGB6XbcARnyTHr39cwK4brzMEHLyo+GTMPeSLMTvvi33U09eTYjwX3KzjAo/EZLnYN2f44RceeSx2fRw+aPh50Tk8eBMl9tGMXycj3e+izJTjGO15D/u4QEtdwMFLDTh4Z3zDUH/hOfTYdF14w5OKMQan/Q/ErtzhC+0TQgghhBDyueR50MG/PRjLBQLZWXHqGR6/Tb+JVocvD3L31QexSz2pVIKZbStjz603Yp+c2XLpJd58iBe7Ph4fMA3ecVv4VEsdhYJh7sFHqDzzJLZx8+Q/ofoY/NuRugvOCm91eHywdv919sGOOjEJFHQQQgghhJDPJ8+DDr6sRfuaJcQuzf7kgpOc2HE5QPxLs/4NS2H3zddiV/biElOw5NgTsevT3QuMFN5cZMZ/Pma/5jJ+5+bFlxv5VHzhebN8BsK0+LIoH4vedBBCCCGEkM8pT4MO/ia7jIVJtu1qpFaJmxN+YTHiX5oVKWCENxFxOf7Eav25FwjLZeHr7Dx886/4lxL/ydVPC88Kn0d9DgWM9YQyLryN51/gVXic8PfHiEvK3adohBBCCCGEaJOnQce5x2FoXqWI2KWZvkya46puDfVy1iZH59pWQjsg2fk3PhnLvZ6KXZ8PXw4lFR8AtV7ljYD3Hx8YZDbZrhIs8hsK+edr7foUsYkUdBBCCCGEkM8nT4MOvjalX7Op4pXHBxz1SmetjUmdemVyNtz/bIvhdA7eKqw+/Rwf4tIDBE2aVS4i/BpXtEA5SxOxr2aVS+QX/uULyHfZcA2h/36+NylW5sYY20JZTma51zPhjdKn4D8vI4QQQggh5HPJ06CDL9dQw1p79bH8p1W8eR2rCv9qU7SAodDOB19TE189rjY/limUo3Id0Qkp6FLHSuxSz7qQMU5OaCT8zk5uAt+F/8MvFQqLqVnxtfp2qVNS+Huo623cfRUp/J0dE0MZGpQrhI61SqBTbSthHqZq2huZz62r1HZLfipbCH8OrCtUK/yxqEwHIYQQQgj5nPIs6OCfnv9UtrDaz6b4T4KGu95B0XFHkN/hIKrPPoWwfxMx6JfS4hBZ8Tfya3rVxKpTz1Fs/FHkG/k3Kk33wuJjTyBXZKxil8fPt6yFCWKzeYq/rHt1DG9SVuxSj2/4TxVfQ1ZJ83xiV1b21YujWEEj4U3PnpvZ16LFl3vZ2K82wla3x6VpTbHPoQH2jqyP81N+RciqttjOBRU1rAsKw9bk/u1b30b4m2dfo7hQvkP1c67Mfszm7RB9XkUIIYQQQj6nPAs6XkXEoVThrDfmof8moPa8M/jzckDaZ0F8Vbn9tt1EPgMZ2tUsLvTLbG6HKlh/zk8ov5A6nv+7WKHWpgHbbwrdmf1QPH+OylFceqa97EfD8hmDjueh0Tj+4K3YlZFlfkNs6FtL+HtODmqUGtOiPB7//j8MaVxGbYF7Q32ZUBvXzZnNsaSrrRAk8UFPKv6tz/zD2tsXGd28vPiXetkFZoQQQgghhORGngUdQR/ihbIHmfEN8GmqaYmvRYpvzdvWqoDYR4lv8O/6iwhcfh4u9smIf5tw4UnW8hulLUy4oCNW7NLsvJpxVb2JiBfaG+Hb1Zj190M0W3YJ/8ZnvVE3z6ePI2N/RnEzYxzzeYubL7W3KTKUCzRW9KiRo0L0fKAx8X8V8esPGQvm8+11/KOlMcI21YuhQlFl+RJNYqn2KkL+O+TReO17G5fPHsexE2dw+Z4/wj9v5X2EEEJI3gUdH2KTUdjEQOxKx7fboc3SE08xq30VsQuwKZQPJbjg5cSDELGPeura7yhe0AjvYrRfTfnPwG68jBC71Ft+8hlGuN0VWhBfcvyp2pbDq5TID2+npqhTSvkp08pTz4R/NSmS31B4a/Ep+IYG5x/xFbvUc2haLtughi/szr8xISR7CTg6ogIsCxdG4cw/C0sUsSqNyj+2Qt+pm3HxtYYKDhKOYkQFy6zjq/kVa7II/6TF9xnnXaT6RFzIfHjLA7Czf1UUsRCnYVECP008iXcqRcASjo5ABcv0eWj+FUOTRf8gffaq+bZEpV5ueKU2Xo/Gzl4l0qZTrMUKPFUdLsN0iqDu9KtiguhzzSeTmCcH8fvgFqhWoghKVauHRi3s0bZNSzSqXR7FLEuhQc9Z8LwXgdy0IKQI2oT2xZXzz9GvSE1MvqSt4osI7PutfPr+ZVkJw49obzSWl2GbFqmOiVl2DKWcDqcqYt9vKJ+2v3DbY/gRbs1nQ+M+bgHLoiVRtloD2A+aA/db73K4vj/DeuHG6eX2Cup3pZ3oVUIcjtvvW6x4qn44QgjJhTwLOvgyBkb6Wau3jcnmU56EZAXO+oYJbzx4A34uhfVn/YS/tYlWM93iZkZc8KO9Zie+Wt0U+afdcHerW1L4/KlSMeUbBX6e2VXXO8muIkzUFBLPDb6gvm+w5gtP+SKmaFmlKPRy8CaF2uogOZUcG4GICDW/8Pd4F/wKT26dhufSkWhepxUWXFZXiUIyYtWNr+4XFZ/h5ifDvD/EclNSoYjAOacuGO7hi3fh/DCRkFSfgE0L/gdL1TNfcmz6NLL5RcVnmLtKvt/j2d6JGLH5WXpQkkaBxBiV6fybcRkyTucDouIyT+FzzSdVNO5t6IE6dTpj5p9n8SgsARmfMTCkRAfi+p6F6NegJtou8kZ4TiMPeQKi0/Kak18kYpM1n28VQfux429/vE8d/r0f9u04gNDs8pNhm37g5iH2zyynw6VSBGH/jr/h/z51nPfw27cDB7LPkIZ9PBzvw4Lw8tF1HN8xHwN+qYsumx4hu9Dns6yX98+wd+IIbH6m5hqsSERM6nDc798M+z0hhHycPAs6+MLd6p6wV8zmUx/en5dfonll5WdEfDmPnDR8V7lYxk+yePybAHWfQak6/+Sd+NfH42/+x+/2EebHu/D0HdSUbc+gQ63sW2nXhp/XgiPay3I4NCsnfJaVk8+3qFwH+bwY5O8uYcHg2Tif/ReOn0ECHjj3Rq8VdxEjHHsSGFUeih07J6CW5jofPo3iPU7NGIZVD7Q/2PhknzSfRDxY2xV2Y/bhWVzqSYk7J+QrivLVa6NWtTIobCjh+iixxNc4Masjuq64z63RvCbHc083nI9WPXkqEHnKFXvUv+rROflzT7idj+b25nSKyFNw3aPhjUEusaRAHJo0HKsfaTv/fr71onh/CjOGrYKud1lCCOHlWdDBV/+aWh2uqtntK4t/aZYsZ0KVsHyh7Jy0VM4PN7l1RbErXURsMgz1tS/yuWzKc+TU1ksvsVRsZNAnUHsVuYZ6UqHGqk/BVwf8NETzWw4+WOvfoJTwd06CDnrTQT6GrERfeDzxh78///PDQ293TPi5sHiiYUj2240dp7VFHTKU6OuBJ8L4WX/Pjk9E1WxfCCoQ9JcDukw6hTDxya+06P+wbN8atCuWzSlPVgJ9PZ6onbe//zMcn1gV2maviLyE+UMW4ebna/dTrY+dT+LtxRjkdBph4ttcSb6K6LzoKJ6EBuO5zx3cfeCP0JCH+Ht+R5Q3Fs8TighcnD8OG7R9qyWSWg3Grqeq68wXq1sZiqmAXvnh+Pu5SrqfNxb8nJ6eQcp9uHveRKLqvTWHxV2Gm7uvmjc9upaC++6euJk1Q7js5g7fHGco4z7+/J9z2DKkJvKLuyaLvQmPnfc1L99nXS9csHJpPoYsugkd77KEEJJ3QUcBI321n1I9eRuNXcN/EhrZ05Npvhl+F50Im0LGuBeouTC2WT599PzRWminQl3VtHwtV/wwmkTGJXHT1xwgWJgaYIpdJeE36X8VhVqk9LXkmW9oMJELtN6qKfOhir92JGbTzog2/FukhUe1v+VobVsMH7jlexUeK1RHnB2qNpd8FKkJipQugzJl+F85VP2lL/5YMwLVUg87RSQePwjQ+lRYalIEpYXxs/5KlzBD1pJhGUVdmYeug13xPCn1xro6xrh7wKGqhpvbDKQwKVJa7bzLlCmNEmbZzZ0h5tYfGDbPO/vv/D/JR8xHEYLdi9bhrviGQ6JfFv3dzmGvUxuUN02/FMjMqqDDrP04t70HSopfxLKYq3DzfJD9Da0sP4qlbX/+VwrcaTsdl17URiW9tDUKG4lpmSR4u2CXb7LyrYLEGObm+ZRvYFgyfDxdcSP709jnleANl12+UH4NJoGxuTnyKTOEZB9PuOYiQ6r7eHnbphi6bhn6Wqd+fpyCF498oenx2mdfLywGt/4Yhnneut1jCSEkz4KOogWNEBKZ8eb7ydt/hU+Cxuy8jwpFTbGpX224DamHHj+WzPI0Xl8m5QIGgyw3w4W5QGBq60pC4DKvQ1XEczf5nZ2vYpWagtvhsYkopKYwe6qLT99l+rY5ozbVi+P3LtWE3+KutkJ7GX8OrCemZhUek4QHQf9mW3g9iQs4sivzoQ1fGP95aIzYpd5fd4JQwckL5ad5odmyi2JfzaiBQPK5SExNofpFk0IuV94w6UDSs634rcci3IhSBvESmRU6rN2HZS1T37bkAZaAf1YPxTSv3BXCzrVczkcRegi7T30Qh5WicLt5+KOTFbKWtOPJYN19EbZtWIctrntwyOsMtg0sk3frEFHwcvkLAeJpSGpmh4WL7FFIzEDKiz3YcUb7Oe9zi/JywV/pGYLdwkWwT88Q9uw4g4/OEResm6a+WeIoUlI0BOa6WS8s4R+sHjoNXhE63WMJIf9xeXYN4Vvxfv0h4wvcUPGJO/8WY7t3AIa43MHgHbfxPjoJm/vXxohf0xvp4z9B4gOP1FqV+M+1VvasgfGtKgg1WfXafANjd93HoXvBwudYwWreLvA1aFkX0vxB94VsynM0/cFS/Ctd8yoZq6zN7G1kPPSk2a/m7Grj0iRFrsDv2bzl+Bh8LV6EfLKkVzi4zAV3UncnST6UrmCj5RMlhqirzhgzciRGZvqNcvKEtk/dWewNzO86FoeCUsSnwPlRZ8pO7BhcUesnURmwKFx1HpNl3iNHjoKT5yMtT/plsKxcGUVS3wwkPcOWkRNxKNuSvbn18fNJunUNd+PFcE9SAL92bYeiqqempBh8iAhHeLj4iyyAul16obN9c/xctyrKmunpNohSoQg7BNfDoWkBkkXr3ujdqw/aFhMXXB6Mgy6Hob7S9Ew0btORGLvtFtKKtmijCMMh18NpBbWlFq3Ru3cv9GlbTAza5Ag+6ILDOcpQZnF44rESu5+n7l0ylCxXPkOgnuqzrheZJSpXLiLmn3EB+xaMnHgo+8LohBDykfIs6ChWwAj3AzO2H1HaIutplQ8Yzj4OEwIQ/nOoeR2V1eXybz74H3994Mt3rO1dC1su+GPmgUdq26WoUMRU/CtdWHSC1rIT2ZXnaCYWZlf11x3tLYwruCDJykzD9wMqNpx/gfPccucE/2bkdoDyMzO3q6+ERhE/N/q8inwMRegeDLKtiIoV+V95WBerhG5/PhU/SeGO42Jt0ctOWROdegpEPziELZs2YVOm32b3CwjUslsqPtzHzWfxaW9RJHrFUa+pLbTNLQtFNB4c2pJl3ps2bYb7hUAtn4VJYG63GGv7loae+MlNSoA7HB134fVnPZQ+dj4K/BscjMjUG0q9kqhYIeO5MOHUGFS2tICFhfpfkZqTslZJrBNyBO5xxWnxbRVkxdG2lx3MCrZEn/YlxZtkBSK8XLAnMAd3yBq36SZsOf4UCTkIOuSBe+B6Okq82ZeheNtesDMriJZ92qd9gqaI8ILLnkBxGG0UCN0zCLbCMVIR5UpaofqQ/WnbT6JfEZ17/KTmM8LPvF4k5rBbvBZ9S+uJn2elIMDdEY67XmvZzwkh5OPlWdDB15rEv+1IbT2cV6qwidBuhCZ7b71BYHgcGpQrJHz2JAQd3L9jmpfHH8ef4ImGgtN8S95Lu9mKXemO/xOCogXUf9fNt4yurbrZikVNUcLMWHjTwtcUFcYNv9zrqfBpmDb8OJVLZK1JKzO+mt52a68IDQ4mayjfERWXLAQZtrNPITFFLgzHt8iuC/R5FfkYLDkSb54/x3Ph9wJvPiSmfbIoMaqAfqsXoXPGBv11hiU/x9ahY7H/bQ5uwD4HqSU6rtyIYRUMlDdx3K1b0F8TMHK79jIsufaR88nY9k56DVVfnZTHcHe7nPYGQmbdAb1b8A+R8qFJ3y4oJ762YrGX4ObxJA9ukFPw2N0Nl9MzhA69W0DIUZO+6JKeIVxy88CTbDPEkBz5RjxGnsM/KDItKIe0AGpPWA+n+mquUzpYL1LLjli5cRgqGIh7gzwIf00Yie0Bul+rhJD/njwLOngtqxbFpacZP2Fa1bMG1vSqiUYVLFC/bCGhxWy+jAbfUF4rbnj+s6vWtsW50zQDX8yDL7jNBxWBEXFCwMJ/YjWyaVnh06e6pc1hV60Yjo/7Bc2rFBXnoMR/5mRfvTgkEvWX2vOPtX9a9Sw0BvpD/4LBsAMwHH4AVhOPwemvh2k3VOrwhdZtSxZE59pWWgvJp+ILk490v4tSU45jqMttLOECK75NkkXHHqPN6ssoNuGI8PkZ/9bo5/IW2HElIEfVB38MetNBPh8pLH8ainWnvbGtu002Jx0pCtbth+kzZ2Jmpt/0MfZpN1YaSaQwLWAqzoMh5ZUnRg//Ey9yujtLC6Juv+lZ5j1z5nSMsS+X7WdakkJ2WLJtHKobice7Igwnpg6Hy8vPG/jkfj5S5C9aFGnlxeXcTe+LTEWVuXWnJ9ODnl76Lyc13X1uSbfcsPN+Erf1eNz2LKmHxy7KNxN/3pfAqqC4ECwRdzzdcDu76l41btOZcOKuH8rC4Fok3YLbzvsQ6yWA1LQk9B67KN+W/HkfEquCaftb4h1PuGWbITUkBihcpTXGbj2H04uawlzNQfLZ14tAgkJ2S7BtXHWk70onMHW4Cz7zLksIIZCULl2ayeVyBAZqbxn8c7jz6gPcr77Cai7IyKllXk+FG3u+gT2/sBjh5j0phWF62x/SWvvOid03XiNZrkC/hspqYzMb7noHf6ppxfxT8LVc8YXOeV03XBPKm3wOB0c3FAK4StO98OZD9lUIfww+GBzdvLzYRYgmCfi7nxW6eigLM0uLdsG6vyajVtjfGD9gKW4IbQlIkK/2NJy6uAg/Z/3qkZvE3+hn1RUeQiFWGUoOPwG/TS2RfV1TGefN34gVqDcNhzx+hId9N/zpJ9bwIzVDkyUXcXJydbXTTPi7H6y6ekA5+5IYfsIPm1rmoKarDPnWQ8WJF/FgeUMYIA635jVDs3k3xDZCMtKvtwD3r81EFfGznMzTKT/2LJ6vbqxM432m+SgCVqN55Qm4IHxPJEWRHjvhu7MHCqu5wRUoguHcqiwczyYK61FmMwJezzaiRQ5WTbo4uHcshP6HlN9l6VWahEv/LEMDjfV5xMJrWBW03artUzYVMhsMP+aLTf/L9KlYDrdpToaL9RqGKm23av20L50MNsOPwXfT/5AhRxm2oRRFu6zDX5PrcFtTAqmeMcxLlkWZoibiJ1Lq6GC96FXExIsPsLwhtzHibmFes2aYdyNGDGpU6aPegvu4NrOKlvwRQohmNjY2kMlk4gOaPFLL2gz7bmkvA5HZuBYVhNqshv9aFnM7VMX8jlXxRzfbXAUcvGP/vEWrahnffqj6HI0CquLbCpnSupLYBThyN/AaXrLkSjWrAsLbIP4zrOwCDr4V953DfhJq9trN/faM+Al7R9ZX++lZZvR5FfkYEn0LVKj7Exp0WogdC1uIteowxN1bjkGTjuMdf7OjI3xNPsv2L8CvFTtg1fbxqJHWzkQkLs0diHlX8qq2o3yo57QNc3810/EJNnfzkVp3QOeGJuJnVQq8OzAb04+nFkrOKsFnK1yvpj5ZzyMRR+Fy8E3OP5mSv8EBl2PQXJH6p4rAUZeDeJPzDOHNARcc05ohCfQtKqDuTz/hp59+RL06tiivNeDg6Hq95KsHp21z8atZnt4SEEL+Y/L0DMOX6/i5ggVeR2T9JIgvJ8HXYpWZvp5UKPtR2sIEVbkb7gpF86O8mkLi2vCNEl71C0fRAuoLdPNtV7x8//kKY5sa6uGQY0MUVGkTpEklS8xsm31DiNmZbFdJKEj+x4nsy3JMaFUR3eqVRNe6JdGF+3WuUxKdaluh6Q/aa9zixdHnVeST6KHyqK1Y1bGE8maKJeP59uFw3P1a401uKpYSh3+johCl5hcdm6hxfImpNcqI1THlbzwfLnMaIfUeisXdw4pBU3AiPNu5IyXuX7XzjoqKRmxiDqMmg2oYt2UJWlvq+BSbm/nIyqC/U3+U11eGHSz5Gbb1aYmBzpcRnOFTnAQEnv0DPTovwu3U2q7yhALB+11x4r24jiX6sKpnj/bt22f6tUX9UoZpwdP74y7YF5zD7ZJLiuD9cD3xXtznuGDBqh7ss+SnPdrWLwXD1Bj3/XG47AvOdj/PubxZLwbVxmHLktbQ9S5LCPnvyvPTS88fS2KHms+YFh9/ggVHfPHgTRQWH3uC6y/CuQt8itC4njrxYovZZ31DceheEM49DhPa51DnyP23GPCz+s+qeNlVlZsbxQoa4fSkxqhXppDYJx0fdPCN9H2sUoXzoTsXRPCtnQdnavMksyL5Dbkgw0rsyj1+3RPySWSl0HeDMwaU1RduhFjKG+wbOxQbn2jbt+QI2t4RRczMYKbmV/jnhfDJ0a5piBqT/sTytCpNGZKeb8Vwx70I0nYfJg/C9o5F1M7bzKwwfl7ok+MWn2Xlh2LDys6w0vE3KbmZT8EWC7FpbA2YpN4g//sAbqMbo0zx8qjbpBX+17IJ6lawQoWW03A4II/fcsj9sNP9PIQv8jgS418wec8hHDqU9ff3rJYoIC4Diz4PN0+/nL8FyDE5/Ha643x6hvDL5D1q83Po71lomZ4hnHfzhN/nylCerRcZyg/dgJWdNbXdQgghnybPg44OtayEdiUy19AUEpWAwiaGwk37pWfvhDIQHtcCcepRqNCyd/NlF1Fjzilh2IdBUei+8Tq2e7/E8QchsBJbZPULjVHbyN6G834Y2riM2JUVH7B8qgLGekIr5bdmNRcKtKvDv+k5MKoBZrWr/FEFNPk3FykKhj9OPBX7aDaEW16+wP3HihWDOkI+hbRoR6zYOhpVxcfAiven4DRwMW7ppv6DjGTlMHCzM/qVUQY9fJWgr/eMwdDNz3IcOHwaKWx6r8f6/mUgvlzQkdzMxxzNlhzF7okNUDitcgsuIIt4gTuXTuPUmUu44xchFJqW6BVDi6nD0SD9ha1OpfzjDo8byvIj3Nxh2rgHupVSd/srRbFOfdAqtUU8loib7m6497k3aso/cPe4gcTUm33TxujRrZTaG3JpsU7o06qQeEFlSLzpDrfPlKE8XS9SG/Revx79U48ZQgj5jPI86OBvtud3qiq0RK76NL1cEVNExiXhn9eR+KWCBYY1KSt8hiXnbrKLc4EI/2S/eEFjYVgrM2N84IZ9KLbPcetlhHBCHtuyQpZPtPjPqvhqa4tzP00uPst9a+B8+Qz+bULjihZCTVsBS9sIrZTzQZM2ejIpZrevAu9pvwrj5hRfRmTgL6WFtxx8gKYNH89oC7JyIiYhb27LyPfPrNlCbJ/2I0yFuxiG6BuLMGjmOSFN16TFOmPVdkdUS6ua5x1OThuEpfe0H0OfjbQoOq7YjGGVUqu31ZHczEdmhbbLLuCu13IMaVYR5pkjFYk+ClXrhFl/XcHR2c1gk231Tp9DAi7v2IVHqXXHSguiec9OKKbpClXIHn3bpb/FSvbdBZdLn3ebJlzegV2PxMoIuEtlweY90UlzhmDftx1S2+hjyb7Y5XKJW6pPlffrRXhQsHkYKqVWo0sIIZ9JntZelYr/ZMrlyivMPfQIPX+0xoCfS6OGdUGhOlu+lqq4JLlQSJpvC4N/kzHD/gdsufhSCFZS/TDdC2NaVED7msVxK+CDUFYhFT99voXvLdwNOt+S+Yoe1VHWUns5ED64yViPvXZ88KSp+t3cePkuVsjrmceheBMRzwVeyUIwxueEr3K3prUZapcyQ4sqRVHTRtnMmbq8qnby2eKDG200tQWSin8r8yWqyySE5K2kd49x6+5TvAmLRKJBYZSu9iN+rFoU2TdpSgghhGQvtfaqLxJ0pOJvnPnPpw7cCRIaAuRreKpfrhB+LFMIFvlzXi8jfxP+KPhfXPV7jyvPw4VPrPrUtxE+MeILoBNCCCGEEELy3lcRdGT2z5sonHjwFl4PQuAXFotfK1miDBc0WBYwREFjfaFhQC6+ED79eR+TiKAP8XjxLhZ3X30QGuBrXqUImv1QJFcBCyGEEEIIIUQ3vsqgQxX/FoQvx+HPBRV8gBEek4SYxBShOlo+ADE30UdJc2PYFMqHfFw/QgghhBBCyNflqw86CCGEEEIIId+2L9IiOSGEEEIIIeS/h4IOQgghhBBCiE5R0EEIIYQQQgjRKQo6CCGEEEIIITpFQQchhBBCCCFEpyjoIIQQQgghhOgUBR2EEEIIIYQQnaKggxBCCCGEEKJTFHQQQgghhBBCdIqCDkIIIYQQQohOUdBBCCGEEEII0SkKOgghhBBCCCE6RUEHIYQQQgghRKco6CCEEEIIIYToFAUdhBBCCCGEEJ2ioIMQQgghhBCiUxR0EEIIIYQQQnSKgg5CCCGEEEKITn0jQccHnP59ICbv9INc8Q5n/xiKgTMP4JVcTEY0Hu6eg4EdWqCZXU+MW38Rb8W0D6d/x4DevdGnT38MnbYZV8IUyoQ0Wqb94TR+H9AbvXv3Qb9BY7HksB8SlSMJYnz3Yd7gjmjRrDV6TtiIyyHiTBPuYPOoAZjx1yvIuf9e7Z+OAaM24U6CMpkXdW4JBvafjv3pC0EIIYQQQsh36dsIOhQJeHpuL47dD8Ld1VwQsPQpKnT4H0rJ+EQ5/Lf2Rovh+xFXsyO6Ni2Eu4vaod38W/yISHh6DnvPvkXBCsURfnACekw/gTh+tFRapq1IeIpze8/irXlFlJHewoo+Q7HBXxkkyAP+RL/mg7E7sjo69mgOyzsL0OZ/TrgYwyUa1UDjcoHYMGYydt3bjSljNyKwbGPUMBJG5Sb8FvtWLoGrx3IscXmEFLE3IYQQQggh36Nv6PMqhshzk9F9pj/stuzGtHomyt7yp9i55SwsR7nAfd5oOExdj/37N2N4XWNlOkdSoCJadOuMJhXyITriA5LF/uk0TJsnKYCKzbuha5sasEj5gA//Mq6nHM88N8Gr4DBs2zkfo4dPwpp9i9E8cBs2HIvm0vVQefRaTC1zCo7NR8Or9BSscazC9VWS+++E20VLdOv7E57tdMUN1dcnhBBCCCGEfGe+oaBDjpB7DxDKIvEm8EP62wF5FKJiAMuixcSbeimKNOyFoe2qCV08uf8O9K3/Pyx52QgzJ3dAQbF/Og3T5sn9saN3TdTq5gn9/jMx2JafixxRUdGQFC6ComIkIS1YFJYmCYiKFL+hMrDFuEUDUSTWEr8tGovqBsre4Kb+wN0DNwvYol6z6igbuAc7zvCvRwghhBBCCPk+fUNBhwwlf9uFi8vq4cGcgfj9eqyyN3dz3/QXS9xyWY7jgYlIibiD1W2tUbLfXmU6R6/SOJwLj8TbhwcwuUF+sa8qDdPm6VXCOK8LmFVPhtgkGQwlfE8DVGvWGEV9PLDqaAAS5JG4t9kZR/+tjWaNCwmj8fQtLWGmZwZLS0OxDyfxClx2PuKm44vtf5xDlEk4DrkcRriYTAghhBBCyPfmGwo6JDAtXAw1HLZidZu3WDbYCWc+8P1NYbfIBZOLH0WvcqYwLtIQi0LssHhmB2GsnNE0bZFRXUz/cy7KHB0NB9eX4Et1mLZaBNcZZXC6f0UUMLZE/UVhaLdxO8ZWFgqaaBR90gX7guph+tlHePz4Me5u6AjpKVfsfZ25gDshhBBCCCHfB0np0qWZXC5HYGCg2OtbpUBCeBDCks1Qolj+tPITOpcQgddhSTArUQz582ymhBBCCCGEfP1sbGwgk8m+pTcd2ZHCqLA1bPIy4OAZFYK1DQUchBBCCCGEaPIdBR2EEEIIIYSQrxEFHYQQQgghhBCdoqCDEEIIIYQQolMUdBBCCCGEEEJ06ovWXvX06VOcO3cOL168QHJy1nbCCSGEfJx8+fKhdu3aaN68OQoVSm8/6GsVEREhXA/u3LmDuLg4sS8hhJBPpa+vj3LlyqFZs2aoVKmS2DfvpNZe9cWCjunTp+OPP/4QLogLFiwQLo6EEEI+HX9O37ZtG1avXo3g4GCcOHECTZo0EVO/PhcvXkTr1q1RokQJjBs3DkOGDBEuUIQQQj7d7du3MWfOHJw+fRozZszAwoULxZS88UWDDj7Y4C+G/EXR3t5e7EsIIeRz4y8wq1atEt4gVK5cWez79Xjy5Inw0Gn8+PH4/fffxb6EEEI+t6NHj2Lo0KHC+XbKlCliX937okFHsWLFMHLkSCHqIoQQolu2trb45ZdfsHHjRrHP14O/Fly6dAmPHj0S+xBCCNEV/t57y5YtePv2rdhH975o0CGRSBAdHQ1TU1OxDyGEEF1xcXHBhAkThHITX5vChQtj6dKlGDx4sNiHEEKIrsTExCB//vxgjIl9dO+LBh38wvJBByGEEN1LSUkRChLm5UUmp/iHUElJSUL+CCGE6B5f0UheVtiRGnR8kSpz9fT0xL8IIYTomlT6ddeOzl+MCCGE5I0vdc6ldjoIIYQQQgghOkVBByGEEEIIIUSnKOgghBBCCCGE6BQFHYQQQgghhBCdoqCDEELINy3p3nZMGDUNrj4Jyh6RF7DacQycr6jWzpKCt1e2YeaQbujQoRuGzNyOKyEpYpp2wvQdRmLkSAc4OE7GQperCJGLiUjCve0T4DCST1f+Ri86qkzhxxu9EIcDuYEVH3DZeSJGjV+DC+8U2Y+nZXmEdMdFOBrETyf74QVJQbi42QmDu7ZHh25D4LTlEoKSxDSiliLkJJaNccCombvxRGVXiXt2CItGdEeHTn0xYYM3QpSbgROHZ4cWYUT3DujUdwI2eIcgLYnb3kHn12Oa41z85Z+682gZPvof7Jo9GJ07dMHgGe64Fyn2F8nDrsN1zjD06GCPrn9c4aaeSo6w666YM6wHOth3xR9XVDayPAzXXedgWI8OsO/6B9KTovHPrtkY3LkDugyeAffMMyPkc+GrzLW2tmZ5yczMTPyLEEKIrsnlcr6uXLHr68Lni8/fp4jd25OZSSTMuJYTuxzNLe+btaypgSFrvTVCHCKF+bt2Z6UMjJhVg65s0KCurIGVETMo1YO5+aeIw2gmTF9WkFVs3JrZNarI/W3CGi55yJKVqWxvTzMmK1iRNW7dhrVp04a1H+2hTOHH07dlM25Fs0fO9qyYviVrueofFq9M1T6eluVRTrcWm31fzEF2y5/ynG3vVJLpG9uwX7oNZAM6/cisDPVZqd47WeCnrfrvV/ITttG+CJNx61VWaiQ7kyD2//cUG1nOgJlV78D6d6rFCsnMWLvtwWLSSFbOwIxV79CfdapViMnM2rHtwdwKloexo+NqcvuNhEGvIpt4JVH78Ow9+6ufFdMrUIXZ9+vEahXWY0U6ubA34raSv9nLfitvxIxtfmHdBw9nozdcZ8opytmbvb+x8kbGzOaX7mzw8NFsw3VlCjcS2/tbeWbE7wPdB7Phozew1KT3f/VjVnoFWBX7flw+CjO9Ip2YS+rMyHfJ1NRU/Ctv8HEGH298U286cvQ0h5PkswOTHRyx8lyEylMGTtI9bJ8wCtNcfaCcQiQurHbEGOcryDCFJB/smOwAx5XnEKE6gRyNn4Sgi5vhNLgr2vNP05y24FI2j5M+Lb85mF8OnnClvL2CbTOHoFuHDug2ZCa2XwlB+oMdlSdyDtx6mbwQLldDkPagj5fyFle2zcSQbh2EeczcfgU5fIhICCGfAUP8/RUYNuMsd6bMJO40Fs/8G7F263HFex+2b98H7yvrYRd7ALOWnhfPr9mQ2qDbysM4cW4nRlXhzonX7mYYT2rTDSsPH8OxY8dwaF0fsS9PgXcnx6HzxHMoPMwFHmNsYSSm8DSPp2V51NI8fOzJJZh9NBntN1/Fxb1/wuXAVXi7TsCvpqEIiBUH+lak+GJz31/RcekNJIq9Pr9Y3Pz9Nzjdr49BHUpk+CREEWuIusOXw+PAX9ixaRQaGsciKPAdn4JYw7oYvtwDB/7agU2jGsI4NgiBwluteETnb4mFM1rDTCJMhqNl+MR/cP5yKAq0nY+9bruxtn9ZRJzcj5PChk3AhcXT4BFii6FzJ6D/oKlYPPInGAhJF7B4mgdCbIdi7oT+GDR1MUb+JKRwSYsxzSMEtkPnYkL/QZi6eCSUSYn45/xlhBZoi/l73bB7bX+UjTiJ/cqZEfJ5fUtvOrJ9miOIZkcGWTEZJMy0xXoWoBqsx+5lPc0kTGJcizkpJ8DWNjVghq23sgxTODKIWcnAJKYt2HrVCWQ7fgp7vr0TK6nPP2XoxgYO6MR+tDJk+qV6s50aHyd9Sn5zML8cPOFK8Xdl3UsZMCOrBqzroEGsawMrZmRQivVw8+fmwFN9ImfHGlXk/jZpyJY8VD5l4ybAXLuXYgZGVqxB10FsUNcGzMrIgJXq4cZy8BCREKJj/4k3HfqVWNuO1Zixfnk2eNu8DNeGlIfzWV19Q2a3+b3QrfSebbbjzpf1F7En2ZynhOnLzFjVVl1ZF7sazFLPlDVc/CDDmw6pzJDlL1iQFSxowVqseqFM4ceT6jE9Pe48XsCObcpwHchmPC3Lo0zP9KZD4/Ap7OH8ukzfsC37M5LreunKhjVrwpo04X5Nu7LlN8XH3d+KxJtsfqPSrOaE0yxG7PV5yVnY8ZHsB9OKbNiRN+zUCBvumqrypiNV4hO2vQuXZt6crfbNuAMlPtnOutjoM/Pmq5lqUvyBvqyQfvqbjlRZhpcHsi1tuOuseS3WbURfVr+ojEkMmrF1Qdz+k3yTOVXTZxL+DYy+PpNJjFnFoX+zECHJiVXT5/Y1iYzp63PjGFdkQ/8O4ZYomd10qsb0uXEkMn2mL+PuoyoOZX/zI3GpgVvacPu3OavVbQTrW78oN00D1mxdEJdCvlf0piPHtD/9Ubw7BJeDYbCu+gMkl93h+STD83gBi7+PFcNm4Kz6CeCQy0GEWVfFD5LLcPd8kvGJPkfj+LEnsWT2USS334yrF/fiT5cDuOrtigm/miJUw+OkT8pvDuaX/ROuOJxePBN/x9ph/RVv7Nu+Hfu8r2C9XSwOzFqK8yqP8pRP5E7g3M5RqJJ0D9fuKhPjTi/GzL9jYbf+Crz3bcf2fd64st4OsQdmYanqBAghRGfyobbTNjjVCYXr5LW4p/KmVVKoMMxlCoQEvU5/g5vyGkEhCuibW6g8fdZGCj1pGO6cewjYr8HOydWg2syttGRbzNywCZs2OWOaXRGxL4cpYFazEaoqzmDeWDcEZDrFaxxPy/Kop2l4CcwLm0GmeIvXr1MgMbZClXr1UNsiAre8r+N55NfXSr1WBvUw69JL3FvRAiZir89K/gpui7fjmb4UT9cNxIzj7yAPO45Z3LZ7kbrtEh5je9/WcDhtgVGeHnCsnN7QWsLj7ejb2gGnLUbB08MRKklqqR1eao1BW/ZiUeeSiHjxHnI9CaRWVVCtMHfLJo/GvzEK6NWYhqsRYTjjWAr+Hptx6L2CS/oXMQo91Jh2FRFhZ+BYyh8emw/hvUKO6H9joNCrgWlXIxB2xhGl/D2w+dB7KLj92nrQFuxd1BklI17gvVwPEim3j1QrTIV+yWf37e1TepXQtkNFvNw4AlO8Pog9Uynweq8LTkZXx4CN02FncheebrdVCljx9FCpbQdUfLkRI6Z4IcsUXu+Fy8loVB+wEdPtTHDX0w23M0xA8/jygDvwCZOinn17WLEAuA1vjuYDN+J6wHNcuflEHErVp+U3+/nJEXDHB2HSerBvbwUW4IbhzZtj4MbrCHh+BTefcHOSv8SteyGQ1rVHx1Li2VFWCh3t60IafB+3XqVfIRWvD2J6r65oN3gLHhvWQv1a/EcCcry8dQ8h0rqw71gKyinIUKqjPepKg3H/1qssQRshhOiEYR1M3TYPjdgHRKp8qyot2hH97Qvh4ToHTPa4jIcPL8NjsgPWPbRAu/7tYMnfy/l5wKHDAGzwyfTtaSruRqztgsPYPa024k+vx6Zr0WKCkkRmjPxmZjAzKwDFh1CxL0evMoY4n8Dexc2QfGQCBq99mOEcr3E8nobl0Ujt8FIU69AXrc18sHb4FHg+K4LmHX+EUXgIEr6xeEMg94OHQwcM2OCT6Vr5mUhMUbOjAxz6tIBtxQqwNteHxMAcJW0Kw4gPTmN9sL5HK4w8EIOGoyeglcQH5+6/FUaN9VmPHq1G4kBMQ4ye0AoSn3O4/1bzhtM2fIp+BXScshBO7c0Q+d4I9YYMwS+GXIJ+JdhWMgaLCcZT38d4HhILGBVAQUMpl2SLSsYMMcFP4fv4OZRJBWEo1Ucl20owZjEIfuqLx89DEAsjFChoqLwJTNFHhY5TsNCpPcwi38Oo3hAMEWZGyGf2zX1exb9SvnGdza+fn+mZF2ZmUtXCco/Y7z8ZMmn+H1jLHp3Yj8VlTFZqOPNKfQcrfK6kz2rNvsGuz6/P8uuZs8Jm0gyfKz36/SdmKM3PfmjZg3X6sTiTyUqx4akTyGZ8eZAza2Gkz+rMe8CS5SHszOqpbNL4Lsw2nx4rOfyUchqqPjG/2c9PzoKcWzAj/Tps3oNkJg85w1ZPncTGd7Fl+fRKsuGnErhBgplzSyOmX3M2uyd+LcVYMrs3uybTz9eabRFevyo/A5AVqsHsGpdmBjJL1mF7gPjplZwFO7fk5lGTzU6fAEu+N5vV1M/HWm/hX+0SQr6k/8bnVamfG6Uwv81tWRHVawNH/t6bLetajZnrS7h5Sph+IVvWfcVlFi7OOvGKE6thXoYNOxqt7KFCOX1bNuM2N/3EB2xFU3NmWHEEO/4+/fzI3Y8Ky8L/9GvNzjqePJB59ijJ9EzrslnX+JN8duNpXp6M6dkPz5+nQ84uYO0qFmAyCZhEz4xV79WdNchvrbwOfEsSrzCnGuaszLCjLOuW+twS2OlMn1clnB7BbGTp24zfl4w7uacNK1PZnpAYs07uscoRORk/r9I2fAp7sugnxoU7TGZSmjWf/Dd7qdzUgvh761in8iZMKpEwab5yrJOzj1g5QTy7t64TK28iZRKJlOUr14k5+yhTuJHYuk7lmYlUwiTSfKxcJ2eWmpTyZBH7SZ/bL2QmrHTzyexv1ZmR79KX+rzq2ww6uBNr4sOVrCl3Aw6kn1gTr09lVfQNWdlfe7BevXqxnm1rssJ6RVjPPeKJN+0m/j5LTnzIVjY1478vSw86Eq+zqVX0mWHZX1kPbvxePduymnytET33KNOzG1/+hrl0smR6hRuy8W6X2D8PrrG9Tr8yS6lMbdDxyfnNwfzkb1xYJ0s9VrjheOZ26R/24Npe5vSrJZPKxKCDD0zcu7CiXEDTYJw7837wgHm7j2MNzPVY8R672Fvhgqy8OOrbzmC3Iq+z2fVMWb5a05j3v3waN4Ugd9alqB4zbzCOuXs/YA+83dm4BuZMr3gPtks5AULIF/S9Bx25kfjhDfPze8M+fGNFGT6PePY+wI8FvBfvNslXKyXyDXv+/CULi9VwbKTEsJCX/iw4OmuBpJSYEPbSP5hlTUphMSEvmX9wNPeXipRI9ub5c/YyLJYeEv5HUNCRA9qf5sQwr+GlmF6BNmyLUOUcJ/48cyynxwq02cL48lcZbuK5zhS/zaxtkfQ3BzFew1kpvQKszZZg8cCLZ+cdyymnyU8gm/F58pCzbEG7iqwAXzWeRI+ZVe/FujfIz6yzBB2fnl9e9vPLwRMu+Xvmvawrq2auLzx1k+gXYrbdV7DLqY8AVYIO5YO+FaypuSGrOOK4mC5n772Xsa7VzJk+Nw9I9Fkh2+5sxeVwOoER8hWgoIMQQkiqLxV0SPj/cSd8BAYGcuf+vGFubo4PHzKXpiCEEKILCoUCMpmMjzrEPl8PiUQC/hoklQpflxNCCNGx/PnzIzo6Y7k0XbKxsRGuQXSWJ4QQQgghhOgUBR2EEEIIIYQQnaKggxBCCCGEEKJTFHQQQgghhBBCdIqCDkIIIYQQQohOUdBBCCGEEEII0SkKOgghhBBCCCE6RUEHIYQQQgghRKe+qaAj6d52TBi9EIcD5YDiAy47T8So8Wtw4Z0iPd1hJEaOFH+jF+FokDKNS0XQxc1wGtwV7Tt0x5AZ23D5bYqYpioJ97ZPwOiFh6GczWU4TxyF8WsuQJhN0j1sn+AgTN/BwRGTF7rgagg3oKqUt7iybSaGdOuADt2GYOb2KwhJnVXSQ3hMH4Vxay9CaB5REQqvpY4YNWc/XqhOJskHOyY7wHHlOUSkLgIhhBBCCCHfoG8q6EjxO4MdW/biZlg8fDf1Q7fx7nheqhnqWyoXQ5m+C+d8XwktrAe+fouoJL4FXjn8/uyJ+i3HY+czKSwKJuK+y2g0/3kQ9qYFJalS4HdmB7bsvYmweF9s6tcN492fo1Sz+hBmk+KHMzu2YNc5XwS89MHhFUPQqstyPEoNKuQv4danAZo5usAXFtx/vnAZzeWxrzte8kGFwQ+oVegRXCaPwLzzUQg/NgMjZ+7GK6vaKC1TToIXc2otZq3aCOc5i7HrNUUdhBBCCCHk2/UNfl6lwLuT49B54jkUHuYCjzG2MBJTBFIbdFt5GMeOHcOxQ+vQpwx3Jx97EktmH0Vy+824enEv/nQ7hOuX1qG7pT8uXXsvjpiJ4h1OjuuMiecKY5iLB8bYqs5FCptuK3H4xDnsHFUFSfeu4W6CMiXu9GLM/DsWduuvwHvfdmzf540r6+0Qe2AWlp7nB9JD1TFrMKXOG2x27IO+E90R1WQOVg4ui7SYg5v3IZeDCLOuih8kl+Hu+YQLmwghhBBCCPk2fXtBh/wp/pz7J54ZNIHjVDsUybwEcl8sb2oBMzMzWLZcDX/ubl0ecAc+YVLUs28PK3F4vXJD4X7jMtZ3LaLskYn86Z+Y++czGDRxxFS7IplWlAKvD05Hr67tMHjLYxjWqo9aQkwix8tb9xAirQv7jqXEIEKGUh3tUVcajPu3XimDB4MamLBmAqq9PI5TYQ0xY80IVFR5y6F4vRcuJ6NRfcBGTLczwV1PN9xOEhMJIYQQolNJQeexfpoj5v7lL/bJKOrSGoxxXIGz4SpfIiQF4fz6aXCc+5fYHYiTK0ajZ8eO6OW4Cmdfq/ukm5D/jm8v6GAKmNVshKqKM5g31g0BmV8BSEui7cwN2LRpE5yncUEJdzMvKVQY5jIFQt68SX9jIA/E9cPHcO1lnNgjI6YwQ81GVaE4Mw9j3QKyvGmQ6kkRduccHsIea3ZORjU9vq8EhQqbQ6YIQZDKySXldRBCFPowtzDjhlAyqt0f3WvpQb9+L/xWRRhZJMcTT3d4xxkh9qozDrwygOLpbuw4HyumE0IIUZWhvB9HHvA35jtOhduDjDd5ST47MNnBESvPRUD1o9XM42eVBJ8dk+HguBLnMhSyU5YBdMhQfpB/aLUHs0aNwszdT8Q+Ik1l9YSygqMwzdUHypfmkbiw2hFjnK9A/RWK6I4C746Nx0/VWmLMH5uw61qI2F+FIgi7F8/G1jvJsDJT3kYp3h3D+J+qoeWYP7Bp1zWuTwru/9EVnWd74X1+Q7zcNwUd+q3FM027GCH/Ad9e0KFXGUOcT2Dv4mZIPjIBg9c+5E77KiQyGOc3E950FFB8QGgMt5BFO6Jfm0K4v9YBTruu4sH9C3Cb3Av2XYZj2yP1ZwC9ykPgfGIvFjdLxpEJg7H2oepcpLBquwCHd09D7fjTWL/pGqLF/kU79od9oYdY5zAZHpcf4uFlD+4itw4PLdqhfztLlRUugYSPQLj/pQYigqTbcPO8C5SugxoWUhiVrQNbsyD87XJMWfCcEEJIBmnl/d7xZfi4m/7QG9iz2QXnX6oGHTE4tXYWVm10xpzFu6BaVC7z+FnEnMLaWauw0XkOFu96rRKwKMsAbtowF1PW3ECi0C8KXssmY/GGzfC4FCT0SaWxrJ5QVnAjlo4ciPlXuIuWIhYPDm/BlmOPxWmSvBQfnR8tF85Aa7MMV+c08qducLkgQdPf+qV/pRAfjfwtF2JG69SHiwoY/zgS6/cewiHXdRjVsACS3r9DJAUd5D/s2ws6uCzLZAao7LANa7qY4NLsgVh4XeUtQIo/PBzs0bp1a7S2HwW3F9xFR1oCfTbtwYJGYdja/xdUr9UMQ3Z8QJOFu7C0TX5xxEykMsgMKsNh2xp0MbmE2QMXQnU2fNBg8tMM/DnvJwSsGowpJ8KFvtISvbF5/2I0j3bFoMa2sG08CG4xLfHHvg3oXiz71R17fgd2PzNG82k7sXMn99u1D6t6l0LEcVfsD1Z9NEYIISSnFO8OweVgGKyr/gDJZXd4Psnp3Z8C7w654GCYNar+IMFld09kGZUl46nLCuwPVUDu74qVe1XeqqfKQVk9Fn8fK4bNwNlIsQfJKsUXm/v+io5LU4O8z00Km57zsXRwTRRSe8lOwi0Xd9wpaI9B3azSbqKkNj0xf+lg1EwbyQCV/jcQA6qdR5fCNhh4SIaWY4agjoGYTMh/UenSpZm1tTXLS2ZmZuJfeS8hIpD5vXjDPiSKPXQmkX1448f83nzg/iKEkC9HLpfzj/DFrq8Lny8+f58idm9PZiaVMcP8BVnBgtzP1JDJpEXYb4fixSHkLGB9C2aqX4fNueTOuhXWZ1WmXk87Nwvj69uyGbeTxT4q5AFsfQtTpl9nDrvk3o0V1q/Cpl5PG5Pt7WnG9IqXZaXzGbG6826wc+MqMv0CpVhpbh6lRp4Rh+Mns561MNVndeZcYu7dCjP9KlNZ+mT2sp5m+qxS246smrE+Kz94G5vX1IAZtt7KIsRBiCjxJpvfqDSrOeE0ixF76UT8Ada3kD6rOPGK2EMUfYwNttZnZUed5bZ+ZvHsQN9CTL/iRLGbE/OEnd21jc1pa830i/Zie8LF/oR8QaampuJfeYOPM/h44xt80/FpDM2tUa6sFcx0/rTBAGZW5VDOyoz7ixBCiE6plOfbMKMNSqhUzgH5E3i6eyPOKBZXnQ/glYECT3fvQE6KysmfeMLdOw5GsVfhfOAVDBRPsXvHeaiOKinaGY49i8BnfS8M/vMlyvQbjdbmYqIgZ2X18tV2wjanOgh1nYy19zKWRyEig3qYdekl7q1oAROxV97h33r9iYOhVdB7YGPkE/uqxVdq07IkyvXYD0WVmqhawhSICkVoLH2xQP67/nNBByGEkO+QpAB+aN4dPXv2RNemFaH64WzSbTcoi8rVgIXUCGXr2MIs6G+4HFMtKReLVzdPwcvLC14nz+GfUP7mMAm33TxxF6VRp4YFpEZlUcfWDEF/uyDDqJJ8aDrOAfViXiKANYajYz0YqhYHyHFZPUPUmboN8xoxfIikm1O15H7wcOiAARt8MpbnzAvyQOz+8yTiGwzAbzVVK4BRQ/YD+k3sB6u789GqRj30cItBk+mz0Te1Ck1C/oNo7yeEEPIdi8X5HbvxzLg5pvHl5Ljfrn2r0LtUBI677kdaUTnV8oCtu2DxpQS+kB127H4G4+bTlGXsdu7CvlW9USriOFz3B4sjKkkrDcX4ziVQuudEDCid8dKaq7J6BlUxZusfaJOlPngikIfB96o3vH3e6DboMOoE9/AkPF3eUOzBkZWG49loxF4Yj3Kqb9LSGKGTeziSni7n/paiqN1iXAoMw+sXLxD87iVOz2oCc9qs5D9Mwn9jJZfLhRa884q5uTk+fKC6mAghJC8oFArIZDK+UIfY5+shkUjAX4OkUrobI4SQvJA/f35ERyvrXc0LNjY2wjWIzvKEEEIIIYQQnaKggxBCCCGEEKJTFHQQQgghhBBCdIqCDkIIIYQQQohOfVMFyZPubce07W/x6xQntC/5Ly5vXIhdfjboNt0Rv1pKlelbbyM+taykzBr2TtPQ1tIH26dtx9tfp8CpvQ3UVjohSgq6iB3r3XD60XtIilRBy/6j8VtjK2VbG0n3uOlsxe30GcDa3gnT21op573tOWoMm4sBNYyAyAtYPesA9HsuwagGMTi9YgEO+KvUuy4xQu1Bf2BoXbEVjyQf7JixGXeLd8W8cc0ytIQa9+QvLF+xC3feGaJ000GYNKo5rDPU1pcEnx0zsPlucXSdNw7N0kZOwr3t07D1djyYRAI9kxKo02kI+jUsJqwDIc9/hqLZNG4dZarGL31dSiDRM0GJOp0wpF9DFJMpEHZ6BRYc8Ef60khgVHsQVg2tK3anSkKA11qscL2KIFlpNB06CQ5NSqSv/6QAeK1dAderQZCVboqhkxzQJK1y/SQEnd+CdQfeo974WehSNuNW05w/bn1d2wAnj7doOGYuelSSIeHmZji5x6H9/PFoaq7A2xNL8ftxA3TOsK5EWvPEJ3th7QpXXA2ScdtiKCY5NElvDyDuGQ6tXgnPG6EwKNcSw6eMQKMctEJPiK5RQXJCCCGpvlRB8m+qRfK0VmNvRbNHzvasmL4la7nqH5ba5qyQLivIKjZuzdq0acPatB/NPPxT0lp7tZ1xm6lpbzZNyvPtrFNJfWZs8wvrNnAA6/SjFTPUL8V67wxUDiBMR8YKVmzMWvPTb9OejfbwF5O4eUskzLiWE7sczZj8zVrW1MCQtd4awXUEsX0T27M2dvWYtaGUFajQiLW278x+v5ggjMuLPjKIWXH3BBLTFmx9gErrvImX2aRK+ixf+Zasb89fWVkTY1ZjRnpLuoLoI2yQlYxBYsparA9g6WMrW8uVFazIGre2Y40qcn+bNGRLHirXgnJ91mKz72ddK6rr0q5RRe5vE9ZwyUNu/clZ0L6JrH0bO1bP2pBJC1RgjVrbs86/XxTHTPfBaxSraGjESv/ak3X/uSQzMK7BnC6ntuH6gXmNqsgMjUqzX3t2Zz+XNGDGNbh1xyfLw9jRcTW5eUoY9CqyiVeytumuOX/cdny8iNXX12c/LvRlKSyaHRxQnEklZqyDSygXYL9lW9qYZmwNOI2WPAnJXmxURUNmVPpX1rP7z6ykAbctnC6LrdL+y06NLMcMzKqzDv07sVqFZMys3XYhhZAvjW/xmzvvi11fFz5ffP4IIYTkjS/VIvk3GHRUZcMWDmaVjIxZ1VHHWKjKtUqZzgUltzPdROco6IhhxwZbMf2iXZjbG3GiKf5s99QBbNiqS8puLdMR5i0Bd+NvwKqMOcPCVYOOVPEHWX9LfVZ12o2M43M32R5dCjH90lVZ5fxG7KffH3E3y6JIF9beWI+V+W0vC4hPZK9uHGPHrr1MC7S4kVmYRxdWSL80q1o5PzP66Xf2KG1kZdChbzuD8ask+fYMZqtvzDq4cVERnyqsLy1BR+q6TL7NZthywVgHN+4WPlU8O9jfkulXncZuZB2dE85cOxZg+hXGsot8ZmNOseGl9Jllv7/FZFfWsYA+qzD2orAsMaeGs1JcENnvb+4WXv6K7Zo1ma2f3YbLg5agQ1P+kv9hc2vrM8PGK9iLiP2sTxEZ09PTYwXb/cnehrmyTtw2LD/uUsbAjactT0JyR1ZAvwIbq1wgdmp4KaZv2Y8JyVwwc3H7Urb2qB9LkYeybW25wKb2HGE8Qr40CjoIIYSk+lJBx7f3Plv+FH/O/RPPDJrAcaodsrSfJPfF8qYW4AIbWLZcDX+52D878gDc8QmDtJ492lsxBLgNR/PmA7HxegCeX7kpDsSTw3d5U1hw0zezbInVqjPQq4S2HSri5cYRmOKV88/HFK/3wuVkNKoP2Ijpdia46+mG26mtHuX/H4YMq4Eojx4oZ1EW7ecegX9KPuXnXjzFa+x1OYno6gOwcbodTO56wi1tZCXF64OY3qsr2g3egseGtVC/lpGYkg1u2gen90LXdoOx5bEhatWvhRyOCaS8gX9gPKTlq8GWH8m4KqqVkyDq1Usx2R+B8VKUr2YrTNO4ajWUk0Th1cswQGqDnvOXYnDNQtoLHWnKn15l2Nv9AMXtE9jnsRcno2pihGMjpFz8C3v2HcOlmOJoYf9j+joUac0TUvDGPxDx0vKoplwgVK1WDpKoV3gZpuDyXAyNB02Go701/FwcMP+kPhr378FPlhBCCCHkP+/bCzqYAmY1G6Gq4gzmjXVDQOagQloSbWduwKZNm+A8jQtKMhYF0ExijsJmMijevsbrFAmMraqgXr3asIi4Be/rz8WBeFKUbDsTG7jpb3KeBrsMM8iH2k7b4FQnFK6T1+KeShEOzeR44ukO7zgjxF51xoFXBlA83Y0d52OVydzNbLvVNxHw7DL2LO0H62c7MP633+EtxhXyJ55w946DUexVOB94BQPFU+zecR7i2EpSPUjD7uDcQ8B+zU5MrpahQIgWUuhJw3BHOSJ2Tq6GnI4JSX7kz8fFBdGR+MBvIxaFqGgGqUl+MTk/t7YUiI78wK0BPjkK0VwMbML1zzlN+dNDdftWKJt8GUvnHUd0rS4YOa47fmFn8fu8U4gq0gL2DQyFIVVpz5ME+ZULhEjlAiEqKhpMasL1Tz2MEvB4e1+0djgNi1Ge8HCsLPYnhBBCCPlv+/aCDr3KGOJ8AnsXN0PykQkYvPYhMjzXl8hgnN9MeNNRQPEBoTFif07sq5s45eUFL6+TOPdPqNhXxN3cd+jbGmY+azF8iieeFWmOjj8aITwkgbu9VCWBzDi/MH2zAgp8UJ0Bz7AOpm6bh0bsAyIVYj9tkm7DzfMuULoOalhIYVS2DmzNgvC3yzHw70rkjxbiR6OCaOH8DmUb26NxBVPu3jYBCUKmknDbzRN3URp1alhAalQWdWzNEPS3C46pvGiRWrXFgsO7Ma12PE6v34RrOS07JLVC2wWHsXtabcSfXo9NOR6RI7NG8+bVIbvtjuX7b+DazuXw8DFE/ZaNxeTmaF5dhtvuy7H/xjXsXO4BH8P6aNnYTEjPES35M6jTFq2skxERkYw6nbqgUsmO6NrYAO/D/oV5U3s0MREHVKE9TzJYN2+O6rLbcF++Hzeu7cRyDx8Y1m8JZZZj4bO+B1qNPICYhqMxoZUEPufu8wmEEEIIIeSbLEjOf8cvD2SePUoyPdO6bNa1mPR0vlwF/xia/6WWVxDKYkjS+0PCzHruFcbJQB7Czi5oxyoWkPF1IjE9s+qsV/cGLL/1cGV6lunos1qz74tJquUjUpjf5rasiDT7Mh0xXsNZKb0CrM2WYLEAeDw771iO6RVow7YEcX3kEezSojasTD6pmCdb9pvrU+X4MV5seCk9VqDNFhYsfhIdf96RlROmF8R1ZSzTkfhgBWtqbsgqjjguDJsxzxllWNeJD9iKpubMsOIIdvx96rfX2ZXp4Px7gy1vX4aZSCVMIi3AKvXYyP5JL4zCJS9n7cuYMKlEwqQFKrEeG9MrBeDFH+jLCuWkTIeG/HkNs2Yyo0ZsuR9fyEXOQne0ZwVl5qzrTpVtkon2PP3Lbixvz8qYcNtCImUFKvVgG1MXKOE0G2EjU9k3wCTGnZRphHxhVKaDEEJIqi9VpuObqjI3zySE41VQDEytSqGwUEjgy1PEhuFVSDwKliyFQlm/DPqKyRET8hrhsiKwtsyX9dWaPAYhr8MhK2INy3xfyYu3bPIkjwnB63AZilhb4mvJMiHaUJW5hBBCUn2pKnMp6CCEkO8cBR2EEEJSUdBBCCFEJ773oEO1sVCpYSFUbNEPQ9pWAl90Kz1NOWzGRmOVjb1KJHowKVEHnYb0Q0O+hVGOusZTU95egYvzDpx88A6wtIXdwNEY8HMxsQKL9MZYITWAqUUZ1G7dHZ3ql4Dy5bRKY61CN58Ve6yf3lbsIl8L5T5zDxZtnDCtrZXyDb38KfbMXYtLrBEc5/bED2m1qnxC47xZ9ssp+NF3VQ4b343Ds0OrsdLzBkINyqHl8CkY0aiY+DWB9oZ5454dwuqVnrgRaoByLYdjyohGENqxlb/CoUXL4BXMV5bC0SuHLrMnoIVl6jKR78WXCjpoTyKEEPJNS/E7gx1bduGcbwCeebtgaqf/Yfxx5QU1Pe2V8HAt8PVbRCVxd3opfjizYwt2nfNFwEsfHF4xBK26LMcj8W5PGG/zftx6r6wRRP7SDX0aNIOjiy9gYQH4umB0s/ro6/5SqO2OGwN+Z3Zgy65zeOj/BNf3L8aAX6qiyayLiMyU7vuKyweXl9dvo4QU8nURtv2mDZg7ZQ1uJCr7RXktw+TFG7DZ4xKCxHtyQcwprJ21Chud52DxrtdIrz9GZXsHvITP4RUY0qoLlos7mKb9MiUqlOsOwJ1j3Lg7z+IRv6+8ixPGURV9ehLadF+Ga0lmkPi6Ykz7YXB5q5x75MkJ+F/HWTgaYgj9gH2Y1LoNZl0RpxF9GpPadMeya0kwk/jCdUx7DHN5q0xLuIndq1zgdV/MU2AootKjH0I+3bdUkJwQQkjuyb/zguQZKpaIdGedTPVZzdn3hQo3MqSpytDYazK7PcOW6Rt3YGLbqeJ4qRVtxLITQ62ZvkV7ti1AbH01JYBta2/B9EuNYKeF+iRiM1TcweTv2anRVZi+0S9s2XN+nEzp5OMkP2Kb+jRhHf64zhLEXp+bsO35SmmklqyLRwiTp7xga5rlZxJuX5WVGsnOpM34UxvnVbNfCrKrqEXO3l7czpauPcr8UuQsdFtbZqpfm83x4QfW3jCv/O1Ftn3pWnbUL4XJQ7exttyxUnuOj5CW/M8cVtuoAuuxYBVbvsaNXXipWrUL+Z5Q44CEEELIxxIaC+2JTm1n42RCMdSpVzq9XSGNjcYq8PrgdPTq2g6DtzyGYa36UNt2qvwlbt0LgbSuPTqWEj9SkZVCR/u6kAbfx61Xqo++RdLCaNLHHuXkT/HgUbLYk8/KcjS14Kt1t0TL1f5iX5JjiliEBb7Cq9BolU+QdEBWHGVtYnFs9WbcvrQOzt4S2JQunPHzkE9tnPdjGzPmclGs8SBMdrSHtZ8LHOafhH7j/uhRldvjs2mYV1qsMQZNdoS9tR9cHObjpH5j9O9RVUhL8H0M/8QXOLphPdbOGYzm9Tphw7McZ4qQbFHQQQgh5Dsghb6hMcx+6ITZe72wum1BsT9HS6OxUj0pwu6cw0PYY83OyVDbdqqkEAqby6AICcLrtDvdFLwOCoFC3xwWZhKxX0axga8RjoIwN0+/1EpLtsXMDZu4vDhjml0RsS/JMYN6mHXpJe6taCGU2dEZSVF0duyJIj7r0Wvwn3hZph9GtzYXE5U+uXHej23MWJTweDv6tnbAaYtR8PRwRGV+/Gwa5hUkPMb2vq3hcNoCozw94CiMCJh2XItL57xx388PL67OQd2os9h5KED8fJCQT0dBByGEkG+f1Ar2c3Zgx9YVmNqpCkzF3gKNjcZKYdV2AQ7vnoba8aexftM1qC1aKS2Kjv3tUejhOjhM9sDlhw9x2WMyHNY9hEW7/minWtA29hVunjyKfRsmoduEvxBj2wu9fzIQE/msGCM/37isWQEoPmRqpJZkT+4HD4cOGLDBBxnfKXxuEuRrOg4O9WLwMoChsaMj6hmqBpefoXFeLY0ZZyeWC4Z6tBqJAzENMXpCK0h8zuE+X6Yjm4Z5uRGxvkcrjDwQg4ajJ6CVxAfn7vNlOuTwXdsLrfrPhful+7hzzRdhzBAFzU25NUHIZ0JlOggh5Pv2nyrTkUna9/ncfIRfhkZjU8t0JLIHK5oyc8OKbMTx9+njqTaeKn/PvJd1ZdXM9YVv+yX6hZht9xXscnhq3pXf8AtpUn1mYlGeNeg5jx0LSM1TenpqXvRrzRbTSI4lXmFONcxZmWFHmVj85rNL3/aJLHxfH2ZVZig7/m8CuzSuAtNPLdPxORrnVbdfCrIr05HATo+wYTKVfQkSY9bJPVaZrKVh3oTTI5iNTGU8SJhxJ3chTR7qxZwaF2cGXL4kUlNWodM6dlecJPm+UOOAOZBWxRykMDC1QJnardG9U32UUGksL+7JX1i+YhfuvDNE6aaDMGlUc1jzbzOT7mH7tG14XmMY5g6oASNE4sLqWTig3xNLRv2MfMrRlYRhNVelqKSpmrw4XNvgBI+3DTFmbg9UkiXg5mYnuMe1x/zxTWGueIsTS3/HcYPOmDeuGVJHS/LZgRmb76J413kY16xQ2iso1Wr1JFIDFKpkh4HDWqOc6nfHST7YMWMz7hbvmnGaDz0wd+NtFOs+B2OamEMR6oXlC48gtskEzO5aLq36PE3zViXkY9tz1Bg2FwNqcDOPvIDVsw5Av+cSjPpZXHspb3HFxRk7Tj7AO1jC1m4gRg/4GcXUfa4gUoScxIpFhxBQoLFYDaECYadXZKoyUB9V+y7G6J91+jKdkO8WtdPxGSVFIuh1OFDYGlZm6W8wCPm6ZNMwr0YpiAoKRIReUZQqapKL8ci35EtVmftNvekQngzICrKKjexYq0ZVWBEDGTP7aSa78EEcIPEym1RJn+Ur35L17fkrK2tizGrMuM4S+TThqRYX9RvXYk6Xo7mQ/g1b29SAGbbeyiKEkVUIw8pYwYqNWWu7Rqwi97dJwyXsoeoTh+gjbJCVjItKTFmL9QEs/TldCnu8qD7T1/+RLfRN4YY7yAYUlzKJWQfmEipn8rdbWBtTfVZlqpgvQTQ7MsiKySBhpi3WswCVh35py9y4NWvdtBqz1DdgVadeUxmXz8ogZsXdT0hMW7D1qiMnP2TLmhRkBj+MZeci37PDg0szfQt7tvlFWvUaHM3zVqV8KiNhxrWcmHL1rWVNDQxZ663i2kvxZ67dSzEDIyvWoOsgNqhrA2ZlZMBK9XBj/qqzU5X8hG20L8Jk3HTTawSRs6B9E1n7Nm1YmzatWYMy+ZhEas66744URiGE5N73/qaDEEJIzlHtVTkltUG3VUdw8tID+B4diRJ3l2PmNj9lQad4PzwLZCj6y1As3HES58/tx6K2RVXqzeaubvH3sWLYDJxVVpyuhRQ23Vbi8Ilz2DmqCpLuXcPdBDGJm+K7Qy44GGaNqj9IcNndE0/SSlrJUL6tHWzhg1MnXuHDyX04ESaFLOYC/joWhvBTJ3A1sRRa2ddC6jMyxbtDcDkYBuuqP0By2R2e6RNTklqjy7IDOLh/JbqVZgh69Tr9LYDiHQ65HESYdVX8ILkMd88n6YW+9KpizJopqPNmMxz79MVE9yg0mbMSg8umv7HJdt4ZMMTfX4FhM86K9c6nizu9GDP/joXd+ivw3rcd2/d548p6O8QemIWl59NWnIpY3Pz9Nzjdr49BHUqoPE2RokTX5Th07BiObP8NZZKSUaTdcizpqlIolBBCCCGEfFO+4TdnUhRu0gf25eR4+uARhAoJ8/8PQ4bVQJRHD5SzKIv2c4/APyVf2s09dxeOSm07oOLLjRgxxQvaP/DSUpViNtXk6VW2h90PCtw+sQ8ee08iquYIODZKwcW/9mDfsUuIKd4C9j+mhRx4vdcFJ6OrY8DG6bAzuQtPt9sZC8ilPMTin4xhWLgVNvoXQeuOjZGelb1wORmN6gM2YrqdCe56ukG1xj6DGhOwZkI1vDx+CmENZ2DNiIppn1XlaN6q9CqhbYeKeLlxBKZ4qa49OV7euocQaV3YdywlTl+GUh3tUVcajPu3XqUHQgIuaDsxGQOWR6D7pg3oluGztVRJuLv+d+yP+hlTlw5AGXWDEEIIIYSQb8K3/blebCD4T2sLmpsrF0RaDO1W30TAs8vYs7QfrJ/twPjffoe3yl10vtpO2OZUB6Guk7H2XnqpAXU0VaWYbTV5etVh36oski8vxbzj0ajVZSTGdf8F7OzvmHcqCkVa2KNBajkU+RN4unsjzigWV50P4JWBAk9378B51Tr39Mqh/5ZTOHNqH2b9moD9s//AVWGZ5Hji6Q7vOCPEXnXGgVcGUDzdjR0ZRjZC7f7dUUtPH/V7/YYqquUrcjLvDPKhttM2ONUJhevktUhffRIUKmwOmSIEQen1SSLldRBCFPowtzDLWPuF/BXcFm/HM30pnq4biBnH30EedhyzxrrhRWp0EnceW918UbDtSPxWkSIOQgghhJBv2TcYdMTi1c2TOLpvAyZ1m4C/YmzRq/dPwtsM+aOF+NGoIFo4v0PZxvZoXMEUSEhAQoayk4aoM3Ub5jVi+BCp+uFVZpqqUsxJNXkGqNO2FayTIxCRXAedulRCyY5d0djgPcL+NUdT+yZp9Ysn3XaD512gdJ0asJAaoWwdW5gF/Q0X1Tr3wKBISUZyMveTK8Di44SC5dzIcFOOjBoWUhiVrQNbsyD87XIs41sciUS46ecLbKrK2bwzMayDqdvmoRH7gPTVJ0XRjv1hX+gh1jlMhsflh3h42QOTHdbhoUU79G9nmXFHk5iiZkcHOPRpAduKFWBtrg+JgTlK2hSGkZjFpH/OwjvEGA3tWiJjzeiEEEIIIeSb880VJOermJNImb6JBSvfoCebdyyApZXvlkewS4vasDL5pIy7zWZ6ZrbsN9enynSxesRas+8L3Sl+m1nbIlItBck1VKWYbTV5ongvNsxaxowaLWd+fEFqeSjb0b4gk5l3ZTvTZhjDvIaXYnoF2rAt6RNjjuWU0w/ieqlWq8dXw1iwdBM2dv9Lxk8yxms4KyXMN1gsyB7PzjuWU06PH1mU8mIZ+0XfkNltCRf78LKftyohH2lV+qUwv81tWRGpSkFyLgfvvZexrtXMmb6wjfRZIdvubMXlcJVC9uooq/5Lq4ZQFO3eiZnoV2ZTrqkWmSeEfAwqSE4IISQVVZn7GSliw/AqJB4FS5ZCIZXqdEleSEJkEN8Kb2FYW5mplKchhHwpVGUuIYSQVF+qytzv8iwvNSmCMuUo4PgyDGBmVQ7lKOAghBBCCCEierRECCGEEEII0SkKOgghhBBCCCE6RUEHIYQQQgghRKco6CCEEEIIIYToFAUdhBBCCCGEEJ2ioIMQQgghhBCiUxR0EEII+aYl3duOCQ6jsehoEBRiP8ifYs+sURg1czeepIj9BEnw2TEZDo4rcS4ibWgowk5jmeNIjByZ/nMYv1VMFSX5YMdkBziuPAeVUTOKuwLnMY5YfuadkBdFyAn8MXoMNt1IUqaLknx2YLKDI1aei0jPM0dYllHT4OqToOwReQGrHcfA+UqcspuXFISLm50wuGt7dOg2BE5bLiEo4+TJJxC2geMiHA3it0wS7m2fAAd+fxg1FlPmrMbu68FIVA4qUO5//D7jwO1Xk7HQ5SpC5GIiISTdt9QiuSDxDbuwaRob1KUda99tMJu+1ZsFpzVJnsjubhvPRv9+ROy8y7aNH8UWHHoltOCtTuL9P9mkkaPZirNqWs7WOq9Uiez+n5PYyNEr2Nlw1Sko8zJyxAg2YqQDGztjNTvyJEZMU5XCAg7OZ6P44YTfaLbsdFhaXhJfebHlo3qwDh16stErz7BAlfnHPj3Ifh/ejbXv2IeNd77E3qbNPob57pvHhnRpzzr2ncA2eIekL1vsU3bw9+GsW/uOrM94Z3YpfSRCyHfqe2+RPHZvT2YmkTD9ypPZ1QRlv8ijg5m1DExWaiQ7I/YTRB9hg6xkDBJT1mJ9QNq5UR60j01s34bZ1bNmhtICrEKj1sy+8+9iqlL0kUHMipumxLQFWx+gIc8RW1lrQ33281I/4bqT8mgBq6dvyDq4xSrTBdHsyCArJoOEmbZYz1QnlbosxrWc2OVoLl9v1rKmBoas9dYI5QApz9n2TiWZvrEN+6XbQDag04/Miptfqd47WSCdzj8LYRvo12Kz7/MX3Fi2t6cZkxWsyBrZtWKNqhRhBjIz9tPMC+yDcnDl8LKCrGLj1syuUUXubxPWcMlDluV2gZCvxJdqkfzbetMh98OfPeuj5fideCa1QMHE+3AZ3Rw/D9oL4YEEUuB3Zgc2778lDI4UP5zZsQV7b76D+nZ4Y3Bq7Sys2uiMOYt34bXq46Zs5yWKOYW1s1Zho/McLN71WuWJlTIvW3adg2/AM3i7TEWn/43H8SwNQCbg5u5VcPG6j1eBgULL8KFR4mO5lPv4o2tnzPZ6j/yGL7FvSgf0W/sMwgOU6NOY1KY7ll1LgpnEF65j2mOYy1thtKRr89Cl9x+48G8ByB67YUz7EXAP5XMWjdOT2qD7smtIMpPA13UM2g9zEcYhhJBvG0PyUxes2B8Khdwfriv34k2Wp80KvDvkgoNh1qj6gwSX3T3xRBxGWqIrlh86hr9nNEUBmTW6LD+Mo39NVybyFO9wyOUgwqyr4gfJZbh7PlGeiz+C4t0huBwMg3XVHyC57A7P1EykYYi/vwLDZpxFpNgnVezJJZh9NBntN1/Fxb1/wuXAVXi7TsCvpqEIiBUH+p6l+GJz31/RcemNDG8bdE1q0w2rjpzEpQe+ODqyBO4un4ltfirbTWqDbisP48S5nRhVJQn3rt3lru6EEFXfVNCR+WTrdug6Lq3rDkv/S7j2XjUSyBltJ/6czUvzBSwVf6Jaefg0zi1pA6PgW7jhn+E9P3cC9cejZ/Eo8ZM9WjX7H3pOWYMFXYorN4zCGD+OXI+9hw7Bdd0oNCyQhPfvIoULnSLWEHWHL4fHgb+wYxOXZhyLoMB3/FhgUZH4F9awm7IUiwbUhnFCJD7ECyPBsO5wLPc4gL92bMKohsaIDQoUxiGEkG+arDjK2sTi2OrNuH1pHZy9JbApXTjjRU7xGntdTiK6+gBsnG4Hk7uecLuds++SFK/3wuVkNKoP2Ijpdia46+mGHI6aiQKv97rgZHR1DNg4HXYmd+HpdhsZJqVXCW07VMTLjSMwxeuD2JMnR8AdH4RJ68G+vRVYgBuGN2+OgRuvI+D5Fdx88h/4xoq7joUFvsKr0GhkuprmDWlhNOljj3Lyp3jwKFnsyeH2rYPTe6Fru8HY8tgQterXgpGYRAhR+oaCjownW2XG9VBuqDtuXF6PrkVyuyjaTvw5nFcOLmCK1wcxvWcntJ19EgnF6qBeaT0xRZTgi8f+iXhxdAPWr52Dwc3rodMG8W2GQSX8b+AAVDvfBYVtBuKQrCXGDKkDAy5JWqwxBk12hL21H1wc5uOkfmP071GVHwuGTYdgcPU3cG5ZApXGnkWBDsPRw4bLs7QYGg+aDEd7a/i5OGD+SX007t9DGIcQQr5pkqLo7NgTRXzWo9fgP/GyTD+Mbm0uJirJn3jC3TsORrFX4XzgFQwUT7F7x3lk/4JAjiee7vCOM0LsVWcceGUAxdPd2HFezZgSCSTcP/IU5S0xUyi4qw3Xj+/Jkz+Bp7s34oxicdX5AF4ZKPB09w5knFQ+1HbaBqc6oXCdvBb30u6uJTAvbAaZ4i1ev06BxNgKVerVQ22LCNzyvo7nkerf6X9XDOph1qWXuLeiBUzEXnktNvA1wlEQ5uaq9x1S6EnDcOfcQ8B+DXZOrsbdNRBCVOX2Tv0LkqBQYXPuZBuCNyrvzOWB13H42DW8VCljlyNaT/w5m1eOLmBSfRgam+GHTrOx12s12hYU+6cy7Yi1l87B+74f/F5cxZy6UTi78xAC0mYrhUXLKdjoPBNtjE5j9qy/ECGmIOExtvdtDYfTFhjl6QHHyjKupxx+G6ZixcPSGLjpAHbO/BXJfzlhwfnUF70JeLy9L1o7nIbFKE94OFYW+xNCyLdMgnxNx8GhXgxeBjA0dnREPcPUO31eEm67eeIuSqNODQtIjcqijq0Zgv52wTHVlwnqJN2Gm+ddoHQd1LCQwqhsHdiaBeFvl2PIMmq+iqhoAzw64oLj9+7gKDfMU5RFpQrKW9Ck225QTqoGLKRGKFvHFmZBf8MlcyYM62DqtnloxD4gMu1FvhTFOnDnbzMfrB0+BZ7PiqB5xx9hFB6ChP9AvCGQ+8HDoQMGbPDJ+HZI12Jf4ebJo9i3YRK6TfgLMba90Psn/hGgSGqFtgsOY/e02og/vR6brmX5lpqQ/7xvKOiQomjHfmhT6D7WOjhh19UHuH/BDZN72aPL8G14lB4bZBH76iZOeXnBy+skzv0TKvTTfuLPybxydgGTWtljzo4d2LpiKjpVMRX7ppP7rkWvVv0x1/0S7t+5Bt8wBsOC5jDlrpVy3+VoWbIceuxXoErNqijBjR4VGopY/gIU64P1PVph5IEYNBw9Aa0kPjh3ny/TIce7tyFI0iuA4mXLoayNBYxYOELe8l+/xsJnfQ+0GnkAMQ1HY0IrCXzO3eezQQgh3z5pJQwd3xklSvfExAGlM17gYs9jx+5nMG4+DTt37uR+u7BvVW+UijgO1/3B4kDqxZ7fgd3PjNF8Gj8e99u1D6t6l0LEcVfsD870aa/Bz5i+yQk/vl6NDrXrocvGMPwyZxOm1uNvUGNxfsduPDNujmlCHnZi175V6F0qAsdd9yPLpKqOwdY/2kD1Rb7Uqh827p6Dhu+3Y2CT6qjeaBiOFW+Kn/KpBljfMXkYfK96w9vnTZ4GHSn+HhjVvjMGzjmEuEYzsf/AbPxoKCamkpjgpxl/Yt5PAVg1eApOhGfaoIT8131btVfJWdiFxazTD2ZMTwIGiT4zq9yJLbn0XqyBJFaoZUK/1myhi8XuZT3NJELtKMqfhJn13MslxDCv4aWYXoE2bEuwWN1H/HnmWE6PFWizhQUJvbKZV4wXG15KOXz6JBxZOb0CrM2WIK5LzIvtDHZbWxUW8lDm5dSYFTfg8imRMtMKndi6u2ItJ/IQdmJaIzFNwoysW7D5FyKE+SecHsFsZKnLpVw2407uwmgp/rvYkFqFmD6Xb4k0Hytjv5Rd+1cYiY2wkamMw6UbdxLGIYR8v7732qu+Sin/smB/f/Y2WlPdiZ8qnr0P8GMB7+PFbkIIyZkvVXuVhP8fd8IXak3KK+bm5vjwIbv32dok4sPrN/ggLYySVmZCGQfdyZt5pUQFITBCD0VLFYVJpvdPyjQZitgUgyn/BVWOcPkOfINIw2IoVdTkW3qlRQj5zBQKBWQyGR91iH2+HhKJBPw1SCqlsxQhhOSF/PnzIzo67z4BtLGxEa5B32jQQQghJKco6CCEEJLqSwUddJYnhBBCCCGE6BQFHYQQQgghhBCdoqCDEEIIIYQQolMUdBBCCCGEEEJ0ioIOQgghhBBCiE5R0EEIIYQQQgjRKQo6CCGEEEIIITr1TQUdSfe2Y4LjIhwNUqR3j5oGV58EoRuRF7DacQycr8QJnUK6w0iMdBiFsVPmYPXu6whOFJLSpbzFlW0zMaRbB3ToNgQzt19BSIqYxsnxPEaKv9Hp+Yt78hfmD+2KDh37YOyas3idNt0k3Ns+AY6LjordoiQf7JjsAMeV5xChnAQhhBBCCCHfvG8q6EjxO4Mdm/fj1nvlHbnQvXEpRg6cjysxgCL2AQ5v2YJjj5WRhZC+ZRfOPfTHk+v7sXjAL6jaZBYuRgrJgPwl3Po0QDNHF/jCgvvPFy6jm6F+X3e8lCsHyfE8fF8JDSwGvn6LqCTGBRBXMKdjL/xx4V8UMA7G0Rnt0G7uDS7cEMaC35kd2Lz/ltCVKubUWsxatRHOcxZj12uKOgghhBBCyPfhO/i8iiH+/goMm3EWqbFEBlIbdFt1BCcvPYDv0ZEocXc5Zm7zAx9TxJ1ejJl/x8Ju/RV479uO7fu8cWW9HWIPzMLS8+KbDUEO5rHyMI4dO4Zjh9ahTxkZEO+HZ4EMRX8ZioU7TuL8uf1Y1LYoNIYSinc45HIQYdZV8YPkMtw9nwh5JIQQQggh5Fv37QcdepXQtkNFvNw4AlO8Pog91ZGicJM+sC8nx9MHj5DM3dK/vHUPIdK6sO9YClyYwJGhVEd71JUG4/6tV+k3/dnNQ+6L5U0tYGZmBsuWq+HPj5j/fxgyrAaiPHqgnEVZtJ97BP4p+WCgHCMLxeu9cDkZjeoDNmK6nQnuerrhtvK1CCGEEEIIId+07+BNRz7UdtoGpzqhcJ28FvdUymNkERuI1+FAQXNzbsElKFTYHDJFCILSC1sg5XUQQhT6MLcw44ZIlc08pCXRduYGbNq0Cc7T7FCEj2CkxdBu9U0EPLuMPUv7wfrZDoz/7Xd4qw0k5Hji6Q7vOCPEXnXGgVcGUDzdjR3nY8V0QgghhBBCvl3fQdDBMayDqdvmoRH7gMgs3y/F4tXNkzi6bwMmdZuAv2Js0av3TzDgFr1ox/6wL/QQ6xwmw+PyQzy87IHJDuvw0KId+rezzLhytM1DIoNxfjPhTUcBxQeExnBhxKOF+NGoIFo4v0PZxvZoXMEUSEhAAhPHUZV0G26ed4HSdVDDQgqjsnVgaxaEv12OQdu7G0IIIYQQQr4F30fQwTGoOgZb/2iDIpmXKMUfHqPao/PAOTgU1wgz9x/A7B8NhSRpid7YvH8xmke7YlBjW9g2HgS3mJb4gwtQuhfLumq0zsPBHq1bt0Zr+1Fwe5ECWeVRWDGnMd5t7Iw6to0x/XoJ9F00Ec2Vs84g9vwO7H5mjObTdmLnTu63ax9W9S6FiOOu2B9MBcoJIYQQQsi3TVK6dGkml8uFmpfyirm5OT58+Jqe4SchMug1wlEY1lZmGstdfAxFbBhehcSjYMlSKKQm4CCEEF1TKBSQyWRgTN2r1i9LIpGAvwZJpd/NMzBCCPmq5c+fH9HR0WKX7tnY2AjXIDrLCwxgZlUO5T5zwMGTmhRBmXIUcBBCCCGEkP8uCjoIIYQQQgghOkVBByGEEEIIIUSnKOgghBBCCCGE6BQFHYQQQgghhBCdoqCDEEIIIYQQolNfJOjgq0ckhBCSN/gqc79mX3v+CCHke/Kl7sO/SNDB1w0cFxcndhFCCNGlPXv2oGDBgmLX18XMzAy7du0SuwghhOgSf/8dHx8vduWtLxJ0WFhYYPXq1WIXIYQQXVq+fDm6du0qdn1d+HytWLFC7CKEEKJLq1atgqWlpdiVt75I0OHo6Ih169bh7NmzYh9CCCG6MH/+fPj6+mLs2LFin68Ln6/Hjx8L+SSEEKI7/H332rVrMWbMGLFP3pKULl2a8d92BQYGir3yxqRJk4S3Hfb29li4cCGqVKkiphBCCPkUfBkJT09P4Q3H8+fPceTIEbRq1UpM/fqcPn0abdu2RYUKFTBx4kT07dsXUinVc0IIIZ/Do0ePMGvWLBw7dgzjx4/HsmXLxJS8YWNjA5lM9uWCDt6FCxfg7u6Of/75BwkJCWJfQgghn4ovK9GiRQv069cPZcuWFft+vfz9/eHh4YFTp04hKipK7EsIIeRTGRkZoUaNGsL1oEmTJmLfvPNVBB2EEEIIIYSQ71dq0EHvrwkhhBBCCCE6RUEHIYQQQgghRKco6CCEEEIIIYToFAUdhBBCCCGEEJ2ioIMQQgghhBCiUxR0EEIIIYQQQnSKgg5CCCGEEEKITlHQQQghhBBCCNEpCjoIIYQQQgghOkVBByGEEEIIIUSnKOgghBBCCCGE6BQFHYQQQgghhBCdkpQuXZrJ5XIEBgaKvfJWSkqK8COEEEIIIYR8fnp6esLvS7CxsYFMJvtyQce+ffswYMAAGBkZYdiwYfjtt9/EFEIIIYQQQsjn4OLigi1btiAhIQFubm7o2rWrmJI3vmjQcfjwYcycORNt2rTBvHnzYGhoKKYQQgghhBBCPqfExETMnj0bx48fx6JFi9CuXTsxRfe+aNBRrVo11KxZEx4eHmIfQgghhBBCiC716dMHDx48wD///CP20b0vGnRIJBL4+fmhXLlyYh9CCCGEEEKILvH33xUqVABjTOyje6lBxxepvYovx0EBByGEEEIIIXmnfPnywn34l/DFgg5CCCGEEEJI3vpStVhROx2EEEIIIYQQnfo6go7oh9g9ZyA6tGgGu57jsP7iW8jFJKUonFsyEP2n78er1ATFaxyY2R+9e/cWf30xzsUXaS1+RJ3DkoH9MX3/q7RpKV4fwMz+qcNzv77j4OKb3kZI1LklGNh/OvanzYTz4TR+HzAUKy9Fch0KhByZg4GzDiJIoUwmhBBCCCGEaPflgw65P7b2boHh++NQs2NXNC10F4vatcP8W0niANyt/tt9WLnEFR7Ll8DlUWqQYAjLMpVRKd9LnNj/DxQVq6B8MRNIhDQF3u5biSWuHli+xAXpo1iiTOVKyPfyBPb/o0DFKuVRzEQ5BjcT7Fu5BK4ey7HE5VFa8KJIeIpzu7dj2uApOPpOgZjHZ7D35ENEieVvEqMiEaf8kxBCCCGEEKLGFw865E93YstZS4xycce80Q6Yun4/9m8ejrrGqUGHHP473XDRshv6/vQMO11vIJHvLS2CRoOdMK1HDZjql4f9lOkYbVcKMmEUf+x0uwjLbn3x07OdcL0hjMGN0giDnaahRw1T6Je3x5Tpo2FXShiDG2Un3C5aolvfn/BspyvEUZQkJjB554ZR4/cjVPUNx7sd6GZTBr/tjhZ7EEIIIYQQQjL78kFHVBRiYImixcRCLVww0bDXULSrZqrsTnkAd4+bKGBbD82ql0Xgnh04E6NM0iTlgTs8bhaAbb1mqF42EHt2nOHmoU0KHrh74GYBW9RrVh1lA/dgh+pMZKUxYNFoFDo4DhMOhSIt7ijcHvM8PDC9lYnYgxBCCCGEEJLZFw86DGyb4hfLW3BZfhyBiSmIuLMaba1Lot/eD0J64hUX7HxkCInvdvxxLgom4YfgcjhcSFMvEVdcduKRoQS+2//AuSgThB9ygfZRrsBl5yMYSnyx/Y9ziDIJxyGXw1AdxaTeHGydWgaPb7xIL2/CYhD25jXexeZdXceEEEIIIYR8a758mQ5TOyxymYziR3uhnKkxijRchBC7xZjZwZxLjMZJl30IqjcdZx89xuPHd7GhoxSnXPfitaaC3NEn4bIvCPWmn8Wjx9w4dzego/QUXPe+FgfIKvqkC/YF1cP0s4+4eTzG3Q0dIT3lir2qM5EYo+7UbZj7q5lYboQTdR3ui5Zg190EsQchhBBCCCEksy/SIrm5uTk+fFC+yUijSEB4UBiSzUqgWP4vU38wIYQQQggh37P8+fMjOjrvyiN/0RbJ1ZIaobC1DQUchBBCCCGEfGe+nqCDEEIIIYQQ8l2ioIMQQgghhBCiUxR0EEIIIYQQQnSKgg5CCCGEEEKITlHQQQghhBBCCNEpCjoIIYQQQgghOkVBByGEEEIIIUSnKOgghBBCCCGE6BQFHYQQQgghhBCdoqCDEEIIIYQQolMUdBBCCCGEEEJ06vsIOpJuYlkPB+x8rRB7fKToo5j7+3kkip3pFAg9OB0TPF5CzneKw31VNOZds+ijc/H7+RyMoQjFrcuPECN28t0Hp0+Ax0thbWSUeBGL5h5GlNipXjSOzv0dOZn1x1POIzs5XgeCvMj31yF36+Vz4I6xW5fxKG0n+0SJl7DIaTeCP/GUkLcScWlBb8y7oLISUh5j06Bx2BuazYJkPkZzJdP57bPjl6sLOvcfhEED+mLootN4m7o4ig+4uWUc+vXpj749umEgd+54mSKmiZJuLkMPh51Qf3r/9GPyi54DMmw3XW+H3PjMx6Mo+3Wdm/X7ebeFbs55Oc+jIvQgpk/wgLrL6qfTlI+M+9znXweJuLhoLg5rvyFIo7PrTg7u2XQ274+Ro/uob9N3EXTEnPkTx/3vwH3nU5WTtQLRoaGIjnmN+1dvwT8q0xUrNhD3vL3hE5wg9uCkhOLZ83eICfLBtVv+SB9FCova7dClQQnI+E5huPdCilIsAu95w9snGCpTy0IRHYrQ8CD4XLkJ/8iM+YkNvAdvbx+oZgfc1IJ9ruDa0/CMF6Fc5V1J3fRTQp/heUgYHt9Us37SpOBDwDGsWbYPPgHhyqBGaoHa7bqgQQlhbQgU0S9x66oPgmLewe9ZKJLE/urXTQpCnz3He36h5FEIDvqg7J2ZIhqhoeF4+/Aabr2MhoLrDrh3E0/eZborUcTg1W1vXPENU5mvch6qNK4DZUYQFRyED8KkUxAZ8k7MbyyXh2jhL635VrdNxPwHcdvwpn8kt0dqlhDsgyvXniI844ZWs+6U+3U4t52v3PRHxt1IgcgXN3H1fiCi+X0tWiVREYkXN6/ifmC08rhQScrtvqFueG37dhZq1lXKhwAcW7MM+3wCEJ523td0XGk4LlSxcPg95sZjYrcqjdsqGjGv7+OqmuNHEfMKty9dwaPQ9D0sbfs+8EVwWu/cbjNVDOHPTnPHmicCxWGiT6/Ckt3cuk5dJymRCHknTjk2dRurOUYFGtZfQjC3na7hadrOlun89tlxy8XdSf0ydyv+dF2P9gErsf42v8IUCN41HvMDOmONuxs89nhghvUeTFz+QDmaIAZn/jwO/zvu2PlU3dZWHpPvYrh971rWfVXYbt5X4BuWvt1S99UHvsHC+SJ3+3oOzl1Z1i9PgZhXt+F9xRfpWcm83bJuh6zzz+a6lkb9MaLu2FW3n6g/HkU5Oi+rW15xXQsrj6du/1S/flMiQ5C+26eevzRvC03rTdsxqP5awFMuy6Urj5B++KdO7wF80w5+9dtYUx4zn/OlFrXRrksDqFxW0+R2P9C032Y9TjLucxm3j7rpZKbhHMPtEy9vXYVPUAze+T1TWW8ahhdltw0y70/qjzU188h8z6buGqTxPKBmeqnnfi3XduE8Ex2D1/ev4pZ/VIZhNK1XTfdR2W+Hb8dXF3QkvH2IO37ab9AyisDR3W/QasM0WJ3xwJ20HTIKe0c2QTtHZ5y+5YUFvQdiu5+4Y0Z6YUq/OTjmcxPbhvbGiofpJ8v4a86YvO4UbnotQO+B25E6SuKNzXC+EKfsyCASXlP6Yc4xH9zcNhS9VzwU+2cVtXckmvZZhhO3jmJq9wnwEsPYSK8p6DfnGHxubsPQ3iugzA53QXYZhqFbb+LSssGYdDxt4FznXf30efG44bISh64extRu6fnJQPEvfM944/mruzh83AfhwoZJxI3NzkhdHfIXLhjccz68bp3CuknrcCUu9U4vm3WT9ASuI4dizX0NR1LUXoz8tTeWHruGfeO6oMPQGXC7eAq/9xmBfalPfuUB8HDojwXH7uC6yxj0X3wdareSxnXAS8IT15EYuuY+EvgjQu6PrRMW4Sp/sU04jRmT9ghDpcmcb03bhM9/0z5YduIWjk7tjglqVzC3ioNdMGzoVty8tAyDJx0Xn25oWnf8ft0UfZadwK2jU9F9gpfYX44nm/qhz8LjuHZyPRzbNoHDvn/FpCfY1K8PFh6/hpPrHdG2iQNSk3K7b2gaXtO+nYXadaXAv75n4P38Fe4ePg4fYSfTtPwajouc0ratmrSDo/Np3Mp0/MhfumFYr1k4fOc6XEd1w/Sz4o0DP07jnlhy/AnChfNObreZGvq2+EnxF7bwN+WKV/Dc9ho/1M8PiZgs99+KCYuuCoFFwukZmLQnUsMxqiEvimC4DBuKrTcvYdngSUhdfZrPb+okcDecd+CXXXCpiv2LgNveuHDyKM6/LYJKxfW4nuE4/te/aD/uFxQSrkSGKD9gKebaW/IdShFHsftNK2yYZoUzHndUHiqoiL8G58nrcOpmxvO8PMADDv0X4Bi33VzG9Mfi68rl4/fVxj2X4PiTcHF6udvXBZrOXWrXrxwBHg7ov+AY7lx3wZj+iyFkRc12U90O6uev5bqWRv0xon566vYTdcejimzPyxqWNwNNx4oow/qVw3/rBCxSnpBxesYk8Lt9mkzbQvN6y8kxmOlawM37pdsw9Jp1mFsWV4zqNh3Kw5+fXmP0XHIcT4SDP5tlzpRHtef8xBvY7Hwhy/Urt/uBxv1Ww3Gi6djXOJ00Grah/AVcBvfEfK9bOLVuEtZdiYPyjiCbbZ4m6zZQf/yoO9ZyMA+N91DqzgMappeDazt/nmnSzhHOp2/Ba0FvDNzuxy0JP3v161XTfVT22+Hb8nUFHQkn4FivJurV7IjVWU6k6imC9mFPSD38WqQ6mpe8CLdLqgdPJfRasgiTx87CpgnmOL7bV9k7X32MnNoBllHvIE/xx13f9EuZ5IfeWLxoMsbO2oQJ5sex2ze7LZwP9UdORQfLKLyTp8D/rjgPtWSo0XcBpo2bjan138L7sXK++eqPxNQOloh6J0eK/12kZkevgClSwt7DrPMizLErqOz5EXnXNH1uDqjZbz6XnzkZ8pOBtBB+7t8Vtau0wugRzVAiyx4jx9M9R2A6biNmjZ2MRX/0RZW0YbSsm2R/ePbpBPcfFmGRfXGxZ1aymv2wYOoELHCoCP1yIzBjnBNmtoiG94NkIV3+dCc8XpRGraJGMCljC5z2UAYLmWheB8nw9+yDTu4/YNEiexTP7ohQl28t20RWoy8WTBuH2VPr4633Y7FvJnoFYJoShvdmnbFojh2UW1rLupPVQN8F0zBu9lTUf+ut7Jfii32ni2DSprmYOHUplvWtrOzPSfHdh9NFJmHT3ImYunQZVJJyvW9oHl79vp2F2nUlRaGf+6Nr7SpoNXoEmgk7meblV3tc5JSWbYVKvbAky/HD7d+7jyDf2C2YP34iljjb4/mOE0h99yWrPQCLpnaGrSnflcttplYBNHVoiPubDiHk5hYcLDQQPUpms1OqPUY15UUPBUxTEPbeDJ0XzUFuVx8v4YQjd46uh5odV6cFZtli8Qh78RhP/N6CGSsQyT/CVCQgPtkAJvlUlk/PCtVti4kdCgTt24OQer+iSPXmKHnRDRlO76kkP6D34szneW677fTAi9K1UNTIBMpTgzJY4/fV2gMWYWpnWwibLbf7utZzl5r1K3+KnR4vULpWURiZlIEtTsODP0llc27VfKxpuK6pUHeMqJ+euv1E3fGYkdbzsqblzUDLsZLDa4NAzbAa11u2x6CaawG3LLuP5MPYLfMxfuISONs/x44T4tEvq40Bi6aiM3/wa1tmdcuj9pyvXm73A43Dqz1ONNM831Tqt6H86R4cMR2HjbPGYvKiP9A37YZAyzZPo34bqF+36s5lOZiHxmuAuvOA5unl5NpeqdcSLJo8FrM2TYD58d3gLynq16vm+6jst8O3JevZ5EvSK4Ky5S1hZlUeNvlTn+1pI8fznX8j1CIWhzdtwz8FzHDH/QQXm6ZKRELqcR8fDxgYCH/L33hi+go/VO3rBKcOZdNeZQsSE8QLUzKUo2STD/kbeE5fAb+qfeHk1AFltX6foA9DQ+UAhgYyKIQHSHK88ZyOFX5V0dfJCR1UJqBfbTQ2LO0Ey5szMWj5Iwi3QLnOu+bpq8+PJuq+U1HiV2tCnDIIQEI8ElKno23dyBWoOu4P1Lq0BsffaZ6xvqGhcifl/jUxMuT+kCjzqoynhP75zEqiUuXKqFzZFi262aE8/xA1A23rQA5F1XH4o9YlrDn+jrvN4elBlsLtO/yfKfGIVz3I1eRb2zbh8y90GxpApmkF61fD6A1L0cnyJmYOWo5Hyg2ted3pG0K52QxhIBOnKTWDpUEoAt7z3QkICAjilkxJamYJg9AAKJMCEBCUmpLbfSO3w2eldf/lpO1lWpZf3XGRUx9z7HObDolx4lwSE8EMxH2Sk7Z9ebndZhroVRmGnslb0H/mHTQc1RqmqqcgPRlSuHzyUrhMZrz+qByjGvOij2qjN2BpJ0vcnDkIy4WdLXf0ipRFeUszWJW3QY5O0zxpUfzYYxhGjJqMBZ0VOHPuLdevOJrUj8fJw8HiccftnrcXovf0S8oO+XPs/DsUFrGHsWnbPyhgdgfuJ1QfcadSf543NMwHs5KVuPMCd26wbYFuduW5I5uXvq8q5XJf13ruUrd+uW2fzwwlK/HnqMqwbdENdhlOUurOrdqONfXLqyrrMaJhetr2WY6ms77283J2y8vRNl8161dPlsIfnpwU7thU2euzDKtlvWV7DKq7FnDDcus7/fBnMDAUj/606fG0LLO6/UXdOV8tLcujdj/I7fCaaJuOSNM2VN4QcGdRXgLiU28IstnXlNRvA/XrVs2xloN5aL4GqDkPaJleTq7tiekrHPHcnmQg0bxelast831UDrbDN+YrCzrqwOnCW0Q83YauRXOQtZR78PAqgnHOS7F48WIsXrkcHcN24UBaKcUgHJ4xDOMmjUD/LfnQr18Foa/EyAwmUXfwt/MszN3/IsNNi/TtEUwfNhaTRvTHZuO+6Fshm40sMYKZSRTu/O2MWXP344XGk4cmEhiZmSDqzt9wnjUX+1UmEHdvPcZP98SVF4kwL2YqfGKR+7xrnn6O6VnDJu44Fqw4isAsTzZlKNunP/JvH4ARk8ZhmNMRvJWJdyLa1o1RedT8uT3mOlnCZfo+sWfuycr0xZBKN7Bl52Ec9nTDxbgiKJJlk2lbB0YoX/NntJ/rBEuX6dgXxO07spJoUicYa4ZNxPhxrnigusxq8q1tm+RI3D2sHz8dnldeING8mPImM7f7ldQav81ohXvje6DfoDHY/dIYBlLldpBa/4YZre5hfI9+GDRmN14aG0CZlNt949P3Jc3rSg/WNnE4vmAFjvI7mZblV3dcqCP32w+noYMwaNBgDF93TeindVsFHcaMYeOE42dLvn7oJxw/MpTpOxCFXPtjyDhH/Db2Dpo42sNEOUZGn3wuEEmKotvI2og3741h1TPuzLKSTVAneA2GTRyPca4PuEuSKPMxqjEvcbi3fjyme17Bi0RzFMsQ0eSMXh0nXHgbgafbuiInp2mB3A/7nYZi0MC+6Le7EPp0LMn11EP18Qvwy4VR6DV8MpzGDUSvP2LQc9Qvwigp9zzgVWQcnJdy53bu/L5yeUeE7TqQXgg9lfQtjkwfhrH8eX6zMfr25c/z/HYbgko3tmDn4cPwdLuIuCJFVG4wsqNlX9d67lKzfmVl0HdIJdzYshOHD3vC7WIciqSepDSeW7Uda+qva6qyHiMapqdxP8l0POaGtuVNpe1YybJ+ZSjZpA6C1wzDxPHj4Kp6Qs4y7Keco9RdC7hlGVgIrv2HYJzjbxh7pwkc7dUc/dqWWd3+ou6cr1Zu9wMtw6s9TjTJwXrUsA1lZfugf/7tGDBiEsYNc8KRtzJuapwcnR81bAO161bNsZaDeeTqep2jPGsWdHgGho2bhBH9tyBfv36owN0bqV+vmu6jPmV//kqVLl2aWVtbs7xkZmYm/qVLEWxbrwFsb2wii3gbymJSxN6p4t+zN8GRLFnszCAhggWHxjC52Jm9ePb+TTCLVDuxnIl//4YFq5lAYsQbFvg+XuwSfUTeNU0/x+LDWai28eUxLOxtBEsQO9N9+rrJCWH5PiSKXerlbh2ksJjQIBaWadVrpG2b5ERiBHsT+J5bW6pys+6S2d01E9iKaxFMnhLMDgxtz2beENdH8l22ZsIKdi1CzlKCD7Ch7Wey1CRebveNT9+XNK2reBYeqtpf8/KrPS5ySt38I7axXgP2slhuO7zljp/MpwsmV+Ylm12Mkwf7e0oMCw0Ky7SvcLIco5rywp0T3wSyj119upAQ/oa9Con++OOHO/NEBHPn+Swn7ZxuN/U+bl/XsH6F/e4Dl5qJlnNr1vlnc11Toe4YUb88mvaTzMdjLmla3jS5O1ZSYkJZUA5PyJ98jspEnu2yiHI6HE/tOV+93O4Hmpdf03GiXvbrUdM2lLOYsLcsIssNQe62eQZq1626Yy0H8xCmldN9++PyHLGtFxuwN5bbzG9ZaKYNpHG9ariP+tz7M8/U1FT8K2/wcQYfb0j4/8nlcgQGBophiO6Zm5vjw4f0Whx0IxYX1rvDeNgI/KTtLSIh3wlFyAWsXeSCW+FS2LQZjxl9Ur9ZVyDkwloscrmFcKkN2oyfgT7KQggkVewFrHc3xrARP4FOF+TrRdc1wqP94GsXe2E93I2HYcRXuoHy58+P6OjU0om6Z2NjA5lMhu846CCEEEIIIYSo+lJBx9dVpoMQQgghhBDy3aGggxBCCCGEEKJTFHQQQgghhBBCdIqCDkIIIYQQQohOUdBBCCGEEEII0alvPOhIxKUFXdC5/yAMGtAPI5ZdQFjmhqMyiT46F7+fF1uJ/EiK0IOYPsEDL3PZZlJm2U9HgdCD0zHB42V6I2BfgZwtfyIuLpqLw1Fi51dK7f4QfRRzfz/PLYGqnG+L3O5jn2OfVJ/nXFCE4uD0CfAQN2qu8sSNe+vyI8SInd+maByd+ztysxlyu90SLy7CXP6AyLSuv3/ceXqRE3YHZ3Ny/tISL2FB73m4oLIjpzzehEHj9iJUW9Y/dv/XtB/w+ejSGf0HDcKAfiOw7EKY2DKzJrnfd7P6Oq81hJDvyzcedDCEcyfsX+ZuxZ+ua2H39A+sv5feYqMi5hVue1+Bb1iS2Ie7iIQ+w/P3/GlVjqjgIHxIG1yBmFe34X3FF+mDKxAdGorwIB9cuemPSPHML7WojXZdGqAE3yimIhqhoeEI8rmCm/6RGS4OisgXuHn1PgKj+WGis1w4sp+OFBa126FLgxJqWtJNQDA37LWn4RkuErGB9+Dt7YPgBLFH6jK8fYhrt14iWsF1B9zDzSfv0lviFOYdjZjX93H1lj+iMmQ0FoH3vOHtE8zNUSlDvjPjpvXy1lX4BMXgnd8zhKqsy5yuX4EiEi9uXsX9wGhhmOi0tKz50bYNVGVdNxr2h5RQPHsegrDHN3HLP0rttlBEhyI0PAgPfIORvncpCdN8F8Pl55rK+JyUSIS8E2cey40vLlR6HpQ0bkN16ymVkOd3iOGGuZZlG2pb9w/gG8z1lFqgdrsuaCBuVPXrRV3+U/Ah4BjWLNsHn4BwZdCjYXtEh7xNz1d0CN6mbVQ121QjLesiNhD3vL3ho7qBc3ycpCD02XO8iwmCz7Vb8M+4AjXvOyFheHwz6/DpuPy+vIWrPkGIeeeHZ/wBkWld83K1zTUeGwpEvriJq/cDEc3vn+kJGqcfHfMa969qy//nwJ2n/R5z82Zid7rc5ks4p1+6gkfpJxaup7i/PfAFvysL1OwLqcesz5Wb8Fd3ELFwPDu9Bss8A7lc8KJxetUS7Ob2S2G/zun+z1G3vyAhmJv3NTwNF/dENfuBgMvHS/kvmLv1T7iutcPTP9Yj/bKm7lhW7rvKwzUKwUHp1dGruwaqPz7Vn9+yrivN+xghhGTnu/m8ShEXhuAIGfIZCw3uQx7gAYf+C3DsznW4jOmPxdfjhP5KSXjiOhJD19xHgrAG5AjwcED/Bcdw57oLxvRfDOXgUdg7sin6LDuBW0enovsEL74nkHgDm50vQDnIXoxs2gfLTtzC0andMcFL+Whf/mQT+vVZiOPXTmK9Y1s0cdiHf4UUFTmYTuKNzXC+oJp3ngLBLsMwdOtNXFo2GJOOK4eN9JqCfnOOwefmNgztvQIPhQsVvwy/ovfSY7i2bxy6dBiKGW4Xcer3PhixL1QYT5h3k3ZwdD6NW14L0HvgdvgJ18VIeE3phznHfHBz21D0XvFQGDxDvlXJX8BlcE/M97qFU+smYd2VOO52Q0jI3fqVP8Gmfn2w8Pg1nFzviLZNHLBPWHka8qNh3alSv25SZd4fgPgbLlh56CoOT+2mdltE7R2Jxj2X4PiT8CxBBzc2rjlPxrpTN+G1oDcGbvcTbnjl/lsxYdFV4cYk4fQMTNoTKQytSvM2VLOeMom/5ozJ607hZoZtqG3dN0bPJcfxJJxfgkTc2OyMjLtaxvWiNv+Kf+F7xhvPX93F4eM+COfvQdRuDzmCPcdgivDqKxanZ47C9pf8wBq2qUYa1kWkF6b0m4NjPjexbWhvrBBWXG6OE078NThPXodTN72woPdAbFeuQC37TjxuuKzEoauHMbXbBGTd7eR44TIYPed74dapdZi07grihAMi47rO1TbXeGzI8WRTP/RZeBzXTq6HY9smcFAmaJl+E7RzdMbpWxmXN6/kNl/yl24Y1msWDnPndNdR3TD9rHhzze9vjXtiyfEnEHZltfsCP9hINO2zDCdu/b+9e4GK4srzB/6lG5unGUgCmoxwNEtC0LhGc3ZDYs46yXE8bkzi+CRK0yZEGNSoDaItoJEJM+2D4f//+5oQov9FAy6KeQwoOsPs8cGgAkHlJMEYAZEI2LwUeTXa3bVVXQU0UNV0q6Akv8+cSajq27fu43er7u2uTh2BZqFYfwEjJr4M0xcp+IbNx3QtHXt+eh6BI4Vrio3xL1ovUw1Sw8PwWeFpJH4QDT4UxcacJRPa62rQJHcFf1mTGsuCOz9g37IwbL/Ir3Qkr4E2XGvE20o6xgghxBbDf9FhLMPh9UEIfO53ODc/Cerx3Oc0Rlw+kIbysZMxytkN4yYCuWn8xQK4i4r0YMz5/HlotbPwFNcCxss4kFaOsZNHwdltHCYiF2lnhM+s5JOgTFgP9UcaBNbm8fv6kE9SImG9Gh9pAlGbd4ndY0BpZi68o5MRv0aDbYlKBPBJreqfjzTHx9xhqGuAx1wtNs38lXmfa+AyaGZ7obneCEPFeZR2zYblLyIkQYOohOV4bsS/ICJOjZgN09GS962QgOW/CFu0a7F6YzKiPHOQUcpdKV0RuEyD2V7NqDcaUHG+lE8rwXj5ILLd1fhk42qs1W6FcrwQXna2r6E0E7ne0UiOXwPNtkQouxtPujwDtZ1k24jFA8vxxRB8zOa3SbIv5JiyRAvN3K6nfltywPOLN0O7djU2JkfBMycD5ua0gXQfDhyHDs8vxua+fWi17adgiVaDuaJPJxdvl35kj2Oqaj6mjJ+BDyPewNNCuv79IcezwW9B/+UXqK7PxsHG30L1giO7374YMxNrC9dALNPMhldzPYyGCpwXGs6uceLwPBZv1mLt6o1IjvJETgZfFunYccSLIR9jvXoTNIG1yLvU/QKPbfuD2e5Qf7IRq9dqsVU5XvSEa0+fS44NQykyc70RnRyPNZptSOwZNFbK749FW/rXd6jYVy72nJ6RDdfVKfg4cg227J6FK/91DF2PtpJPWQKtZi7MoSwRC1wMTlImsP31kXh/cR57HctfvYjkv95AYcrXePz9IIyRin2OSPyL18sRj7kbUNfggbnaTRBCUZKx7DDWBwXiud+dw/wkNfjLmpWxfLcC6cFz8PnzWmhnPcUltnIN5EJroGuNSFtZiTFCCLGFtdPp8CD3w/wtGcja+Rp0Z8rQJnzb6+TkCo8x/ggICEDAxOlYMNOPPe1zjDBNUGPr5NPYnlMvfLXsBCdXD4zxZ9Oy6SdOX4CZfnxqjGBfM3/77QSFXMi8jxFOTuavpOGkgNzEpZHBw0sBXWWDOX99ZSWqbfgQsX8+0ka88CH+sm0OvAo3IPTP37PLHCOup8ciqWwClDExmP2MOSceVwdzT7P/dnNm/8nOr8zHsJgJd+q7F2UdHYBC4cA21XWkxyahbIISMTGzYZmlKIWCrWw7mwNHjw59Vx3sa1+ZhxcUuko08I2Hyq7Gs1Ie621npW1E48GWvhjBxphlPr116rsmAx3ogAJcc8JRDgPbzhwD28j9pzwD9CFfIMk4FO1Dm9pejEi7WC1/71tnxNpPNnoegn51HEmJWZDPCYIvF5P2xhhHpC2M19MRm1SGCcoYxMx+hj82y65xwrZeT7eZG5D9y1r6nhhwUsjRP0zYfmfHQTs/IKDv0HfHVw8r+dszNmQe8FLoUMm/gMrKajZnjrXyi9V3qNhfLjaU0NkunLM6O8EonLovYN3xxpKKhYH7i+OI8eHv4m6KChuKX8WK/3QH/z0Hy6b4l6rXCLzw4V+wbY4XCjeE4s/fW/8UQu43H1sysrDzNR3OlLUNfJ0ymjBBvRWTT29HTr2QWvIaaNFeNpzfuttKMsYIIcQ2w3/RYeaA0XO2Ya1iF9YdrmG35RinXAr/ghQcyMpC+v5TaPf2Fi4+zvB7cSreiY+BV2osMqvZE6h8HJRL/VGQcgBZWenYf6od3t5dF4t7IYPPe3GYcSESQSGhWJVxFS4KWc/F6wFov7ALkbHpyC/vhOdo7sLoAGcPNzQXf4XdG+NxuNzGj9a7VGchLlyN6AgVUlxDEPIsW38HZ3i4NaP4q93YGH8YA2UpfyYYqpF7sSQiGurwGGTXyvk629m+Mp/3EDfjAiKDQhC6KgNXXRSQcRnZWZ4e1tpGJB7umwy12bEIXx2NCNWncFEqwTWnfMw0vFSzHeFrIqHe963IBfv++lBWm43Y8NXmPvzURQml+aD3Gtv920Wy/I4+8G3PQULSEVRZnYW4Y7rKDyeOjELwLE9+l1Sf6o9hxasrcFyYfA7EwdkDbs3F+Gr3RsQfLmcXFzy7xomsFtmx4VgdHQHVpy5QKp9ld95Hn8ifQbBqJPYuiUC0Ohwx2bWQ9zsJ2Je/5NiQ+eC9uBm4EBmEkNBVyLjqAgU/aKzkX42suHCoufqmuCIkhKvvIOG+kY4JQ2hoKD74/U52h73l4s7p7+PxfSosVa/Ee6uLMW3lLLjxb+hFKhZs5TBqAZZN6YDn4nD8q8VQsS3+perVjgu7IhGbno/yTk+Mdu8XCP05jMacbWuh2LUOh7kf4Vsby85+eHHqO4iP8UJqbCa7w9o18B5Jxpgex1a+gbWnbByshJBfrrFjxzI+Pj7MUPLw8BD+GmwdTMP1GuZmp7A5kI4G5nrNTcbW5NbcPb+diUo6yzQZDUzNl2HMOxsKHki+ljqbrjNVDR3CFq+j4TpTc+uusGWjpj3MoiWHmLbOJqZW18oYhN08vg1tz9LItNbVMk16YdOSre179zyzPSqJOdtkZAw1XzJh72xgCrrfZG95etxT29wHfVMNo2s1ClsCQyujq65jayHtvsqpb2Jq2D7sc1Tb234gUuXvaGR0NpS5KXsFs3DLd0zvlCJ9evcSk/H/DjNlvYPROnMdb/XJ295xomeaanRM3267nz4xttYxtaIDoofN+UuOjbvM+e1RTNLZJsZoqGG+DHuH2dAzaETyb2L2LFrCHGrrZJpq2fra084PkN3lMtp4TpeIhftmY/yL9ydbp+tVTJ9QtJ9dY9nOa6BV1mOMEDJ8uLu7C38NDW6dwa03HLh/GI1GVFVVCcuQwefp6YmbN3v+Cxs/S6YbOLlDi9SiRsh830RkXDB/v/GjqO0kdn3ugvCIlzGUN1hIM+HGyR3QphahUeaLNyPjEPzINh6x1Z1zOxC+5w7CkqIxdYB72okU6bFhunESO7SpKGqUwffNSMQFi/3eqEsbTu76HC7hEXj50Rj0gke1XIRjX4wRQh5VI0eOREtL16/iBp+vry/kcjlo0UEIIYQQQsgvxMNadPxMftNBCCGEEEIIeVTRooMQQgghhBAyqGjRQQghhBBCCBlUtOgghBBCCCGEDCpadBBCCCGEEEIG1bBfdJh0Rfjn963ClhUtRxD/pxPChpQWHIn/E04Mh2ccmXQo+uf3GLDmxkocWKPhHy4lhc3r69gopF19CM+XtalfrOnEKW08spqFTQk2x8lD9iiU81Ftq85TWsQP1NF9dJ7WIiajRuRJ4I+oztNIWPwHnLRofsOlZISqD0FntRIm6Ir+iXvrNva9X8ciKu0qPWGaEELIoBneiw7DTVQe3Y7EzBJUNlqsFEytuPZNHvJL63BH2AWDDj9eaRA2OG2oupCHvJIa6IU9bCLofryCG3WXUFhUgWaJi7ypRQddYy2+O1uEqy0mdrsSFwp/QH2vR9+a0HrtG+Tll6KuuxBd761GSX4hKm71HKDlRm3P8VpuoJbNt4up9Rq+yctHaXdGBtysPIrtiZkoqWxkp938vls36oW6tEGnE/5TaPKn8fLc2fg3b76rDbduoF6ocJtOB/NhZE9iytvz8MrTEs+r1dew5T2Ly42WUxLx+nFMt8pReOYiqlpazOXoqYlIm9vULyJMLbhadAYl1a2oL/sRuu4yiB1DIk7aqnAhLw8lNVJHasGN2ubu8nN91NMtYuU0oYVt08bqEuQXVsCie1km3CovxJmLVWjhYsCif7vZE89s/XW6RlR/W4oai/Zvqypmj30ZjX36pK3qAvLySmBZVdFYFCuD4RZu9ARNd9ltGwcWzGVuQetPF3Gm3/iS6ne2Ta8W4UxJNVrry/BjT0dzlRqg/wCmsQyX2NcZYbuHdP+1tP6Ei2eKUNH3BGDuh9PI/17X0w/dff4tSrs7wt7YsMA04sdctv3Tq9h3cFqQ+3+3IIPNy9o4N9ysxNHticgsqUTvEO/f7/3HswxPTnkb8155+v6eWE0IIYRYMawXHabbpfhH3hVcO5+FnJJGfqexEmnLVUg4Woxzqaug2nwO7fwrFm7h+LoQbDpagsI9YVic9J2wn9VRgNT/81ecydJgQdRxYWdvzYeW4TeLt+Ho2Uyo581GWNx+nPr7nxAckSl8GmlEZdpyqBKOovhcKlapNuOcUAjuva8HJ+JY0RFoFkbhuPmDWyNq0ldhnflT3DbkbliBvVf5KYexMg3LVQk4WnwOqatU2MxlZLqN0n/k4cq188jKKUEjl9RYgc+itDjDTTj0uYiLPmh+P1sh5O1OxjnzfMiIis+ioOUTITcuGgdvcfs7UfDpbpzs31DssWqQGh6GzwpPI/GDaOQI5ZWqn/GHZIQE/xE5Z/+GXSvfwrTlmbhtfsVKm3ezJQ3LWI7UD97Fx8eL8Ped0diZ3y5MKsXfLxont45jXcgmHC0pxJ6wxUj6TmSmbKxB+qp1/LcobbnYsGIv+G6RKmczDi17HcGJx1B0RIOF3fFjxA/JIQj+Yw7O/m0XVr41Dcsz+VaxZFc8Nx/Csv94F1tyfhAWGFyfLEVQ7NcoOP0Zfv/ux8hv4/ZzVV2HkE1HUVK4B2GLk9BVVbFYFCuDseIzRGnPmCe9+tw4RPNBY8M46IMr87S3sXJ3LoqOJ2Dx+3tRZp73SrWnEeWpH+Ddj4+j6O87Eb0zH+1dqwdb+k+Stf6bhrdX7kZu0XEkLH4fe/kCskW5iv3hi7Axi+2HfSuwIPZ/wD9piHvPf+DdLTn4wdwR9sZGfyMmvgzTFyn4hs3OdC0de356HoEjHfgXRce5CbdL/4G8K9dwPisHJeYTgkS/i45n9gxQ8Cl2i54ACCGEkAdjWC86ZI9PhWr+FIyf8SEi3njavM94+QDSysdi8ihnuI2bCOSm8RfoXlwRuEyD2V7NqDcaUHG+VNjPcnwRIR+vh3qTBoG1ecLOvuR4MSQBmqgELH9uBP4lIg7qmA2Y3pKHb++yLxsv40BaOcZOHgVnt3GYiFykdRdCjknKBKxXfwRNYC3yLnETFTmeDX4L+i+/QHV9Ng42/haqFxzZ/UZcPpCG8rGTMcrZDXx12Mmf7HFMVc3HlPEz8GHEG3h6UHvREY+5G1DX4IG52k2YyT1JWrJ+BpRm5sI7OhnxazTYlqhEgDkPjpU272ZLGu7wB5HtrsYnG1djrXYrlOO7GkD8/WJxAtdALNPMhldzPYyGCpwvNc/ce5M/i+C39Pjyi2rUZx9E429VMHeLtXLKJ0GZwMbPRxbxYyhFZq43opPjsUazDYnKnlaxZG88y6csgVYzl3/SPdsn//2VC1buSUBU9DZ8EvMaFO385NM1cBk0s73QXG+EoeI8eqraPxZF20rSAONAjP8ibNGuxeqNyYjyzEFGKTcTlmhPtk4Hs92h/mQjVq/VYqtyfM8Jy5b+k2QtzvyxaIsWa1dvRHKUJ3Iy+NeMlzOQ7boaKR9HYs2W3Zh15b9wrOu5SvIpWKLVYK65I+yMDTGPvY7lr15E8l9voDDlazz+fhDGWB3jMjw+VYX5U8ZjxocReEM4IYj3u8h4JoQQQobAoE5Xh4zlvRNOTnD1GAP/gAAEBEzE9AUz4WeeKFowXkd6bBLKJigREzMbz1jeUzDCCU7mbSco5GIf13JGsIfhm87JyQ3OTuwfDnx6/vNWNg9XD4zx58oQgInTF2BmdyG49/IHdFLIYRIOIRs9D0G/Oo6kxCzI5wTBV+gZJydXeIzxN+cTMHE6Fsz0Y6cNXSwr7gi5oZO/7cLQgQ6JOZij3IBOPhE6pBL1MgIvfPgXbJvjhcINofjz91wNpeong4eXArrKBvOtIfrKSlR33cFhrc272JKGo1CwmbeDn9fq0aEXGnGg91s0l/F6OmKTyjBBGYOY2c+w02cxMoyeF4RfHU9CYpYcc4J8+QFjb/zIPOCl0KGywdwqqKysZpeTVtgYzyPY13oOzR7PQQ+9MNk3dNyG3nwQI66nxyKpbAKUMTGY3buworFo1iu05DDwQcPm22Fxa9FA40AEmw+/ZrrLxh/XlQ5W2lPB/k+PdqFO+g69cMuRrf0nwWqcsGNIWNTd5QvIbzix/+5sF+rViU5GAaHqFn3Osjc2RDlifPi7uJuiwobiV7HiP90hfM/Bsj7Oe7pNqt/FxjMhhBAy+Loum8OWo48v2nMSkHSkyrwtH6fEUv8CpBzIQlb6fpxq94Z3r0kFy8EZHm7NKP5qNzbGH0b5g77uysdBudQfBSkHkJWVjv2n2uHdrxB9uWO6yg8njoxC8CxPYZ8c45RL4V+QggNZWUjffwrt3t78BMvRB77tOUhIOoIqbnIpH4NpL9Vge/gaRKr34VvRWa0cY6a9hJrt4VgTqcY+8UR9tOPCrkjEpuejvNMTo93Z6Y9k/WTweS8OMy5EIigkFKsyrsJFIeMnTLa0uY39In8mGKqRe7EkIhrq8Bhk18oHPEbfOHFw9oBbczG+2r0R8YfLpSfJ7tOh8juBI6OC0d0t9saPzAfvxc3AhcgghISuQsZVFyhkPdNIS/cUzxyuT0KfxD7VUkRGLsWKvT9hpCc3vB3g7OGG5uKvsHtjPA7bEOz9yjBmGl6q2Y7wNZFQ7/vW+oJpINVZiAtXIzpChRTXEIQ8y1ZGqj3lzyBYNRJ7l0QgWh2OmOxayIVms7n/2NKWHY5BWGgoQj/4PXaeZWfpVvuvGllx4VBHR0CV4oqQkGfNe7l+eP/xfVAtVWPle6tRPG0lZrmZX+rN3tiQ4DBqAZZN6YDn4nD8q2V/S45zR/j4tiMnIQlHzCcEqX4XGc+EEELIUBg7dizj4+PDDCUPDw/hrwejo1HH3LorbAg6Gq4zNTc7hS0xHUzD9Zp+73ugOhqY6zU3GWulsNSUvYJZuOU7pn+R+LL2q05HI6PrVQED06qrZuo6hE2zBiZloYo52CZssgytOqa6d6IBdDJN16uYhr5vEanf3fPbmaiks0yT0cDUfBnGvLOhwOJ1W9rc1n4xMq11tUyTXtjsJv3+fnFiLv8tkfa21MRkr1jIbPmubyp74ucuc357FJN0tokxGmqYL8PeYTYUSEfFvcWzgK1TTV0b2zq9md9vW2HN+pXB0MroquvYWt+Hpj3MoiWHmLbOJqZW18pGqyXp9jS21jG1/TvaXNeB+0+K2PGamD2LljCH2th4r9Uxrb0LyDLa2A/2xMa9EBvnnA6mUde7PcT7XWI8E0II+UVwd3cX/hoa3DqDW284cP8wGo2oquI/1RwKnp6euHmT/xkm4d05twPhe+4gLCkaUx/UfdaGS/jvOC2yMBd/3jwHvx6K77VMN3ByhxapRY2Q+b6JyLhg/jcHw9IdnNsRjj13wpAUPRX30y2mGyexQ5uKokYZfN+MRFzwRAzbZrlXbSex63MXhEe8DOGmpUdMG07u+hwu4RF4+dEsICGEEHLfRo4ciZaWrh8mDj5fX1/I5XLQooMQQgghhJBfiIe16Bj2v+kghBBCCCGEPNpo0UEIIYQQQggZVLToIIQQQgghhAwqWnQQQgghhBBCBhUtOgghhBBCCCGDapgvOjpxOmEe5qpCEbokBBGJJ1Fn7UG/rJYj8fjTCeGRw/fEBN3XsYhKu3p/D0kz6fB1bBTSrkrnYtJ9jdioNFhJQgghhBBCyCNvmC86GDSyM/LX4j/D/9+3AzMvb8WuCz2PADa1XsM3efkorbsj7AEMuh9xpYGbxRvRXFONm13JTa249k0e8kvr0J3a1AKdrhHVJfkorLjFLjc4Mjw55W3Me+Vp85PBTS066BqrUZJfiIpbliseE26VF+LMxSq0cGla+qyGZE9iytvz8MrT5lzQotOhsboE+YUV6MpG9uQUvD3vFZiTEEIIIYQQMkz9bG6vMrXXoaZJDlcXB/O2sTINy1UJOFp8DqmrVNh8rt28n3cHP+xbhrDtF6HnWsBYibTlKiQcLca51FVQbT4Hc+rmQ1j2ejASjxXhiGYhoo43c3vRWfApdp/k82s+tAyvByfiWNERaBZGgU9ixA/JIQj+Yw7O/m0XVr41Dcszb5vT9+hEwae7wWfTjEPLXkdw4jEUHdFgYdRxcwr2QPh090m+LIQQQgghhAxTw3/RYSzD4fVBCHzudzg3Pwnq8dzXAkZcPpCG8rGTMcrZDeMmArlpZ9hpPucuKtKDMefz56HVzsJTbAsYLx9AWvlYTB7lDDc+Mc4Id2DJJymRsF6NjzSBqM27xO/sRY5JygSsV38ETWAt8i7dAQylyMz1RnRyPNZotiFRGSCktUI+CcqE9VB/pEFgbZ6wkxBCCCGEkOFv+C865H6YvyUDWTtfg+5MGdqEW5OcnFzhMcYfAQEBCJg4HQtm+sHR/IoRpglqbJ18Gttz6vlbppyc4OoxBv5c2oCJmL5gJvz4xBjBvma+u8lJAbmpzy1SZiPYt/P3Pzkp5DAnkXnAS6FDZQO3oUdlZfXAv/8Y4QQ+Gyco5GLHIYQQQgghZHj6mdxe5YDRc7ZhrWIX1h2uYbflGKdcCv+CFBzIykL6/lNo9/bmFw9wht+LU/FOfAy8UmORWW2CfJwSS/0LkHIgC1np+3Gq3RvefOJ7I/PBe3EzcCEyCCGhq5Bx1QUKGX/b1z3TH8PKN9bi1P38Bp4QQgghhJCHwGHs2LGM0WhEVVWVsGvweXp64ubNm8LWYNKjsfom5F5PwUMh7LJC31iNm3IvPGVLYqsMuLBDgxP/vgHqf9Pjr8sicH5pJhL+/X7zJYQQQggh5N6NHDkSLS0twtbg8/X1hVwu//n8kFycM574tW0LDo7zE79+AAsOjiMmLXwbsgORCFHFoXDaH6GhBQchhBBCCPmFeijfdAz1CosQQgghhBACuLi4oKOjQ9gafA/1m47W1tYhur2KEEIIIYQQwmlqaoJerxe2htZDWXSMGTMGW7duFbYIIYQQQgghg42bf/v4+AhbQ+uhLDrWr1+P9PR08/8JIYQQQgghgystLc089+bm4Q/DQ/lNB4dbaXGVfumll/CHP/wBv/nNb4RXCCGEEEIIIQ/CiRMnEB8fj+LiYvP8e926dcIrQ6PrNx0PbdHBuX37Nq5cuWK+v8wk+uA9QgghhBBCyL2SyWR44okn4Ofnh8cee0zYO3QeiUUHIYQQQggh5OfrF/KcDkIIIYQQQsjDRosOQgghhBBCyKCiRQchhBBCCCFkUNGigxBCCCGEEDKIgP8Fc78VVG+Ei3UAAAAASUVORK5CYII=', '2025-04-28 09:32:50', '2025-04-28 09:32:50');

-- --------------------------------------------------------

--
-- Table structure for table `donasis`
--

CREATE TABLE `donasis` (
  `id` int NOT NULL,
  `donatur_id` int NOT NULL,
  `program_id` int NOT NULL,
  `amount` decimal(15,2) NOT NULL,
  `donation_date` date NOT NULL,
  `notes` text,
  `created_at` timestamp NULL DEFAULT CURRENT_TIMESTAMP,
  `updated_at` timestamp NULL DEFAULT CURRENT_TIMESTAMP ON UPDATE CURRENT_TIMESTAMP
) ENGINE=InnoDB DEFAULT CHARSET=utf8mb4 COLLATE=utf8mb4_general_ci;

--
-- Dumping data for table `donasis`
--

INSERT INTO `donasis` (`id`, `donatur_id`, `program_id`, `amount`, `donation_date`, `notes`, `created_at`, `updated_at`) VALUES
(1, 3, 3, '100000.00', '2025-05-24', 'Test', '2025-04-24 07:01:35', '2025-04-24 07:01:35'),
(2, 3, 2, '100000.00', '2025-05-24', 'Test', '2025-04-24 08:33:51', '2025-04-24 08:33:51');

-- --------------------------------------------------------

--
-- Table structure for table `donaturs`
--

CREATE TABLE `donaturs` (
  `id` int NOT NULL,
  `user_id` int DEFAULT NULL,
  `name` varchar(255) NOT NULL,
  `email` varchar(255) DEFAULT NULL,
  `phone` varchar(20) DEFAULT NULL,
  `address` text,
  `created_at` timestamp NULL DEFAULT CURRENT_TIMESTAMP,
  `updated_at` timestamp NULL DEFAULT CURRENT_TIMESTAMP ON UPDATE CURRENT_TIMESTAMP
) ENGINE=InnoDB DEFAULT CHARSET=utf8mb4 COLLATE=utf8mb4_general_ci;

--
-- Dumping data for table `donaturs`
--

INSERT INTO `donaturs` (`id`, `user_id`, `name`, `email`, `phone`, `address`, `created_at`, `updated_at`) VALUES
(3, 1, 'Ahmad Fauzi', 'ahmad.fauzi@example.com', '081234567890', 'Jl. Merdeka No. 10, Jakarta', '2025-04-17 04:52:25', '2025-04-17 04:52:25'),
(4, 3, 'Siti Rahmawati', 'siti.rahma@example.com', '082233445566', 'Jl. Sudirman No. 5, Bandung', '2025-04-17 04:52:25', '2025-04-17 05:58:57');

-- --------------------------------------------------------

--
-- Table structure for table `ocr`
--

CREATE TABLE `ocr` (
  `id` int NOT NULL,
  `transaction_id` int DEFAULT NULL,
  `donasi_id` int DEFAULT NULL,
  `image_path` varchar(255) DEFAULT NULL,
  `extracted_text` text,
  `processed_at` timestamp NULL DEFAULT CURRENT_TIMESTAMP
) ENGINE=InnoDB DEFAULT CHARSET=utf8mb4 COLLATE=utf8mb4_general_ci;

-- --------------------------------------------------------

--
-- Table structure for table `permissions`
--

CREATE TABLE `permissions` (
  `id` int NOT NULL,
  `name` varchar(100) DEFAULT NULL
) ENGINE=InnoDB DEFAULT CHARSET=utf8mb4 COLLATE=utf8mb4_general_ci;

--
-- Dumping data for table `permissions`
--

INSERT INTO `permissions` (`id`, `name`) VALUES
(21, 'akumulasi_read'),
(10, 'bank_create'),
(13, 'bank_delete'),
(11, 'bank_read'),
(12, 'bank_update'),
(19, 'daily_monthly_read'),
(1, 'dashboard'),
(20, 'donation_program_read'),
(6, 'donatur_create'),
(9, 'donatur_delete'),
(7, 'donatur_read'),
(8, 'donatur_update'),
(14, 'program_create'),
(17, 'program_delete'),
(15, 'program_read'),
(16, 'program_update'),
(18, 'report_read'),
(2, 'user_create'),
(5, 'user_delete'),
(3, 'user_read'),
(4, 'user_update');

-- --------------------------------------------------------

--
-- Table structure for table `programs`
--

CREATE TABLE `programs` (
  `id` int NOT NULL,
  `name` varchar(255) NOT NULL,
  `description` text,
  `target_amount` decimal(15,2) DEFAULT NULL,
  `start_date` datetime DEFAULT NULL,
  `end_date` datetime DEFAULT NULL,
  `created_at` timestamp NULL DEFAULT CURRENT_TIMESTAMP,
  `updated_at` timestamp NULL DEFAULT CURRENT_TIMESTAMP ON UPDATE CURRENT_TIMESTAMP
) ENGINE=InnoDB DEFAULT CHARSET=utf8mb4 COLLATE=utf8mb4_general_ci;

--
-- Dumping data for table `programs`
--

INSERT INTO `programs` (`id`, `name`, `description`, `target_amount`, `start_date`, `end_date`, `created_at`, `updated_at`) VALUES
(2, 'Bantuan Banjir Jakarta', 'Donasi untuk korban banjir di wilayah Jakarta dan sekitarnya.', '50000000.00', '2025-04-01 00:00:00', '2025-05-01 00:00:00', '2025-04-17 04:52:41', '2025-04-17 04:52:41'),
(3, 'Pendidikan Anak Yatim', 'Program beasiswa pendidikan untuk anak-anak yatim.', '75000000.00', '2025-03-15 00:00:00', '2025-06-15 00:00:00', '2025-04-17 04:52:41', '2025-04-17 04:52:41');

-- --------------------------------------------------------

--
-- Table structure for table `transaksis`
--

CREATE TABLE `transaksis` (
  `id` int NOT NULL,
  `donatur_id` int NOT NULL,
  `program_id` int NOT NULL,
  `bank_id` int DEFAULT NULL,
  `amount` decimal(15,2) NOT NULL,
  `transaction_date` datetime NOT NULL,
  `status` enum('pending','completed','failed') DEFAULT 'pending',
  `created_at` timestamp NULL DEFAULT CURRENT_TIMESTAMP,
  `updated_at` timestamp NULL DEFAULT CURRENT_TIMESTAMP ON UPDATE CURRENT_TIMESTAMP
) ENGINE=InnoDB DEFAULT CHARSET=utf8mb4 COLLATE=utf8mb4_general_ci;

--
-- Dumping data for table `transaksis`
--

INSERT INTO `transaksis` (`id`, `donatur_id`, `program_id`, `bank_id`, `amount`, `transaction_date`, `status`, `created_at`, `updated_at`) VALUES
(1, 3, 2, 1, '100000.00', '2025-04-22 00:00:00', 'pending', '2025-04-22 07:30:27', '2025-04-22 08:17:37'),
(2, 4, 3, 1, '150000.00', '2025-04-28 00:00:00', 'completed', '2025-04-28 09:07:30', '2025-04-28 09:07:30');

-- --------------------------------------------------------

--
-- Table structure for table `trusted_devices`
--

CREATE TABLE `trusted_devices` (
  `id` int NOT NULL,
  `user_id` int NOT NULL,
  `device_token` varchar(255) NOT NULL,
  `ip_address` varchar(45) NOT NULL,
  `user_agent` varchar(255) DEFAULT NULL,
  `expires_at` timestamp NOT NULL,
  `created_at` timestamp NOT NULL DEFAULT CURRENT_TIMESTAMP
) ENGINE=InnoDB DEFAULT CHARSET=utf8mb4 COLLATE=utf8mb4_general_ci;

--
-- Dumping data for table `trusted_devices`
--

INSERT INTO `trusted_devices` (`id`, `user_id`, `device_token`, `ip_address`, `user_agent`, `expires_at`, `created_at`) VALUES
(2, 1, '9ce0b4b4e43e8963d47c3e717813f0ac8c6051cb3d56af4638b322d4e840b334', '::1', 'Mozilla/5.0 (Windows NT 10.0; Win64; x64) AppleWebKit/537.36 (KHTML, like Gecko) Chrome/134.0.0.0 Safari/537.36', '2025-04-07 14:43:27', '2025-03-31 14:43:27'),
(3, 1, '37b0acc07c2df92da00d9b52d8fca09984bffbfea018445b5155cd229027eef3', '::1', 'Mozilla/5.0 (Windows NT 10.0; Win64; x64) AppleWebKit/537.36 (KHTML, like Gecko) Chrome/134.0.0.0 Safari/537.36', '2025-04-07 14:56:10', '2025-03-31 14:56:10'),
(4, 2, '2b469f588e378a64eddd8a6a0e546a041269558f6418e96a7ee70ad92a42ecc0', '::1', 'Mozilla/5.0 (Windows NT 10.0; Win64; x64) AppleWebKit/537.36 (KHTML, like Gecko) Chrome/135.0.0.0 Safari/537.36', '2025-04-10 12:56:44', '2025-04-03 12:56:44'),
(5, 2, '0b96cb872402c1b84aaf7d0ccafc3dba67c0ac951a1915adb6e5759ed58929c6', '::1', 'Mozilla/5.0 (Windows NT 10.0; Win64; x64) AppleWebKit/537.36 (KHTML, like Gecko) Chrome/135.0.0.0 Safari/537.36', '2025-04-10 13:00:30', '2025-04-03 13:00:29'),
(6, 2, '13a79138cc5ed1ef38820848e4debbf26467a15b472c66503bd0ce694ec59515', '::1', 'Mozilla/5.0 (Windows NT 10.0; Win64; x64) AppleWebKit/537.36 (KHTML, like Gecko) Chrome/135.0.0.0 Safari/537.36', '2025-04-10 13:40:09', '2025-04-03 13:40:09'),
(7, 2, '36101064cea9776dc397bd4c1a0443ef12ebdbe7091f462ac88a0e8862df9ee1', '::1', 'Mozilla/5.0 (Windows NT 10.0; Win64; x64) AppleWebKit/537.36 (KHTML, like Gecko) Chrome/135.0.0.0 Safari/537.36', '2025-04-10 13:40:40', '2025-04-03 13:40:40'),
(8, 2, 'c173df60d7ce2f7c27edeedcb1a172bd4a935265d07ab59a2f30576bfea5f171', '::1', 'Mozilla/5.0 (Windows NT 10.0; Win64; x64) AppleWebKit/537.36 (KHTML, like Gecko) Chrome/135.0.0.0 Safari/537.36', '2025-04-10 14:09:30', '2025-04-03 14:09:29'),
(9, 2, '0672c35c045bbd11b9f87214ebbc8df6e214523caf6758caed73d6aaaa2713e7', '::1', 'Mozilla/5.0 (Windows NT 10.0; Win64; x64) AppleWebKit/537.36 (KHTML, like Gecko) Chrome/135.0.0.0 Safari/537.36', '2025-04-10 14:12:47', '2025-04-03 14:12:46'),
(10, 2, '8241d78f126ba45539c7600e819257f8e587728e9a4a3b89d0ae7717198a19ea', '::1', 'Mozilla/5.0 (Windows NT 10.0; Win64; x64) AppleWebKit/537.36 (KHTML, like Gecko) Chrome/135.0.0.0 Safari/537.36', '2025-04-10 14:26:26', '2025-04-03 14:26:26'),
(11, 2, 'ab1a2c3799a44159e05ca1bac00492ac3738c671da91d9c423d960e85ad327d2', '::1', 'Mozilla/5.0 (Windows NT 10.0; Win64; x64) AppleWebKit/537.36 (KHTML, like Gecko) Chrome/135.0.0.0 Safari/537.36', '2025-04-10 14:42:59', '2025-04-03 14:42:59'),
(12, 2, 'da4a0764a5afc7a8134fb96ae7fb43118b87e2cd620ca937dbe493fa32a66fde', '::1', 'Mozilla/5.0 (Windows NT 10.0; Win64; x64) AppleWebKit/537.36 (KHTML, like Gecko) Chrome/135.0.0.0 Safari/537.36', '2025-04-10 14:54:01', '2025-04-03 14:54:01'),
(13, 2, '81127347045242cb5c7e245fe6ec19bab88efbe3620577af53d7beeb7ef9d5c5', '::1', 'Mozilla/5.0 (Windows NT 10.0; Win64; x64) AppleWebKit/537.36 (KHTML, like Gecko) Chrome/135.0.0.0 Safari/537.36', '2025-04-10 15:04:02', '2025-04-03 15:04:02'),
(14, 2, '9976e02ea9436a948d68a81ab55539e3c698af4f7134b6cf20c9a56b7b8cf097', '::1', 'Mozilla/5.0 (Windows NT 10.0; Win64; x64) AppleWebKit/537.36 (KHTML, like Gecko) Chrome/135.0.0.0 Safari/537.36', '2025-04-10 15:36:36', '2025-04-03 15:36:36'),
(15, 2, 'bb4824428ebda59d2e164b04dc4d94b4f7cd7247fc49886d66de1ccdd08223c3', '::1', 'Mozilla/5.0 (Windows NT 10.0; Win64; x64) AppleWebKit/537.36 (KHTML, like Gecko) Chrome/135.0.0.0 Safari/537.36', '2025-04-10 15:43:44', '2025-04-03 15:43:43'),
(16, 2, '16f74e5b4ef25db379ccd40212ecad5a9310ebdab359555a972d96b167642c9a', '::1', 'Mozilla/5.0 (Windows NT 10.0; Win64; x64) AppleWebKit/537.36 (KHTML, like Gecko) Chrome/135.0.0.0 Safari/537.36', '2025-04-10 15:50:51', '2025-04-03 15:50:50'),
(17, 2, '7c303f43fe9c51269c04b8f0c2cf49a12238e8038d95d9d29b0026561bc8384f', '::1', 'Mozilla/5.0 (Windows NT 10.0; Win64; x64) AppleWebKit/537.36 (KHTML, like Gecko) Chrome/135.0.0.0 Safari/537.36', '2025-04-10 15:52:43', '2025-04-03 15:52:43'),
(18, 2, '844891274daecb644875acedb2d73bbec3fe9cb9959a7a9adc327ba417ac4c03', '::1', 'Mozilla/5.0 (Windows NT 10.0; Win64; x64) AppleWebKit/537.36 (KHTML, like Gecko) Chrome/135.0.0.0 Safari/537.36', '2025-04-10 16:01:50', '2025-04-03 16:01:49'),
(19, 2, 'cb517758351aac920af0ef14860d9d86f5f632204c0d002b7d7aa1ded6600ed0', '::1', 'Mozilla/5.0 (Windows NT 10.0; Win64; x64) AppleWebKit/537.36 (KHTML, like Gecko) Chrome/135.0.0.0 Safari/537.36', '2025-04-10 16:14:01', '2025-04-03 16:14:01'),
(20, 2, '2aaf78d139e9dbde0ac3e964600f6f20de7bfe7ed5a6e074ca68119bb379db8b', '::1', 'Mozilla/5.0 (Windows NT 10.0; Win64; x64) AppleWebKit/537.36 (KHTML, like Gecko) Chrome/135.0.0.0 Safari/537.36', '2025-04-10 16:25:16', '2025-04-03 16:25:15'),
(21, 2, '97c22b86f0145514c20e578ae593b0b3db8a9ade4bff642c0bf44ab3207813dc', '::1', 'Mozilla/5.0 (Windows NT 10.0; Win64; x64) AppleWebKit/537.36 (KHTML, like Gecko) Chrome/135.0.0.0 Safari/537.36', '2025-04-10 16:52:44', '2025-04-03 16:52:43'),
(22, 2, '36b57ad87903607168556b797b1d94f0956983874d616a9a20e2e2db40a416bf', '::1', 'Mozilla/5.0 (Windows NT 10.0; Win64; x64) AppleWebKit/537.36 (KHTML, like Gecko) Chrome/135.0.0.0 Safari/537.36', '2025-04-10 17:01:06', '2025-04-03 17:01:05'),
(23, 2, '4bb046c1cf520a6c83ee51c6b5e4c5d92078b0e210e2cd7c0fcf06cd62926efb', '::1', 'Mozilla/5.0 (Windows NT 10.0; Win64; x64) AppleWebKit/537.36 (KHTML, like Gecko) Chrome/135.0.0.0 Safari/537.36', '2025-04-13 07:59:37', '2025-04-06 07:59:36'),
(24, 2, '4d3b3085321a624029b949e15e4bb30f41725cf515a8b11093a9eb6d324d3c4c', '::1', 'Mozilla/5.0 (Windows NT 10.0; Win64; x64) AppleWebKit/537.36 (KHTML, like Gecko) Chrome/135.0.0.0 Safari/537.36', '2025-04-13 13:26:56', '2025-04-06 13:26:56'),
(25, 2, '5fcd32f0933e12bbff88d2a3db89587a544ab0ea2a7018d95600a5046184eb2f', '::1', 'Mozilla/5.0 (Windows NT 10.0; Win64; x64) AppleWebKit/537.36 (KHTML, like Gecko) Chrome/135.0.0.0 Safari/537.36', '2025-04-13 14:03:32', '2025-04-06 14:03:32'),
(26, 2, 'adbed996b544a6310112160a3aff40678cc8d153c6c4d57cd7f55b0afbd75b09', '::1', 'Mozilla/5.0 (Windows NT 10.0; Win64; x64) AppleWebKit/537.36 (KHTML, like Gecko) Chrome/135.0.0.0 Safari/537.36', '2025-04-13 14:12:42', '2025-04-06 14:12:41'),
(27, 3, 'a7f9c7c0a0cceeab3538d583bd8c53b10a67096167c61e0fc371f2684ac05c67', '::1', 'Mozilla/5.0 (Windows NT 10.0; Win64; x64) AppleWebKit/537.36 (KHTML, like Gecko) Chrome/135.0.0.0 Safari/537.36', '2025-04-17 08:06:51', '2025-04-10 08:06:50'),
(28, 3, 'a61548f31881481ad516ca563f5bbf928b6d3937ec7a2a387dd5ad1f743c4336', '::1', 'Mozilla/5.0 (Windows NT 10.0; Win64; x64) AppleWebKit/537.36 (KHTML, like Gecko) Chrome/135.0.0.0 Safari/537.36', '2025-04-18 08:41:32', '2025-04-11 08:41:31'),
(29, 3, 'bf974b56a28d85aee936139df92ae20ea599f5f45d01d564c9523397af1de160', '::1', 'Mozilla/5.0 (Windows NT 10.0; Win64; x64) AppleWebKit/537.36 (KHTML, like Gecko) Chrome/135.0.0.0 Safari/537.36', '2025-04-18 09:35:10', '2025-04-11 09:35:09'),
(30, 3, '042f7dc328a283c9e4d5a1b103182a4652a6557f4e472782f36a145f671c4ed1', '::1', 'Mozilla/5.0 (Windows NT 10.0; Win64; x64) AppleWebKit/537.36 (KHTML, like Gecko) Chrome/135.0.0.0 Safari/537.36', '2025-04-19 01:12:24', '2025-04-12 01:12:23'),
(31, 3, 'cbce1367ed917866ec67f27a7dca54572eaffd47301d8b2d6f0d2c1d71e12812', '::1', 'Mozilla/5.0 (Windows NT 10.0; Win64; x64) AppleWebKit/537.36 (KHTML, like Gecko) Chrome/135.0.0.0 Safari/537.36', '2025-04-21 01:46:57', '2025-04-14 01:46:56'),
(32, 3, '443de4431a901c943c26b65eb793824b560356f38bdb00526a9a226b05c39365', '::1', 'Mozilla/5.0 (Windows NT 10.0; Win64; x64) AppleWebKit/537.36 (KHTML, like Gecko) Chrome/135.0.0.0 Safari/537.36', '2025-04-21 06:38:01', '2025-04-14 06:38:01'),
(33, 3, 'fdc9712dee5ae54ffb32febda17387d2106de87295ac4d56f32f2596ee98f6a7', '::1', 'Mozilla/5.0 (Windows NT 10.0; Win64; x64) AppleWebKit/537.36 (KHTML, like Gecko) Chrome/135.0.0.0 Safari/537.36', '2025-04-21 09:55:15', '2025-04-14 09:55:15'),
(34, 3, '26dcbb454f8fd5ec0b24800ae5d2a497a361a6a9dbaf35d751d290577872e196', '::1', 'Mozilla/5.0 (Windows NT 10.0; Win64; x64) AppleWebKit/537.36 (KHTML, like Gecko) Chrome/135.0.0.0 Safari/537.36', '2025-04-22 08:47:25', '2025-04-15 08:47:24'),
(35, 3, 'a5285c4120d2d038aba612af3e6b3d2bb906dc9d917d41ccc2b57e643f65bcfe', '::1', 'Mozilla/5.0 (Windows NT 10.0; Win64; x64) AppleWebKit/537.36 (KHTML, like Gecko) Chrome/135.0.0.0 Safari/537.36', '2025-04-22 08:52:10', '2025-04-15 08:52:09'),
(36, 3, 'b3cb0ef0c37a8a9c0864bd5dc83bee6e71feb6b6861b36e3f9d40b17f6fa74dd', '::1', 'Mozilla/5.0 (Windows NT 10.0; Win64; x64) AppleWebKit/537.36 (KHTML, like Gecko) Chrome/135.0.0.0 Safari/537.36', '2025-04-22 08:53:23', '2025-04-15 08:53:22'),
(37, 3, 'cbc60a40e80927702615cad36f1bcf503626b53824a1b936ba088098ba04fd2a', '::1', 'Mozilla/5.0 (Windows NT 10.0; Win64; x64) AppleWebKit/537.36 (KHTML, like Gecko) Chrome/135.0.0.0 Safari/537.36', '2025-04-22 09:39:05', '2025-04-15 09:39:05'),
(38, 3, '9821574be3f26fc908e525a251b69f18ec12f31dc8e5207b6147c68573b7f384', '::1', 'Mozilla/5.0 (Windows NT 10.0; Win64; x64) AppleWebKit/537.36 (KHTML, like Gecko) Chrome/135.0.0.0 Safari/537.36', '2025-04-23 02:11:53', '2025-04-16 02:11:53'),
(39, 3, 'a8c27a0b77f3fa89dbc74bc1e28a88c5a947b112efd07b9e775b7e562144c3bf', '::1', 'Mozilla/5.0 (Windows NT 10.0; Win64; x64) AppleWebKit/537.36 (KHTML, like Gecko) Chrome/135.0.0.0 Safari/537.36', '2025-04-23 07:00:53', '2025-04-16 07:00:52'),
(40, 3, '148ea98dab96d081ce8625876bc760ad5fb03e0d47e107f594c680f893b38a77', '::1', 'Mozilla/5.0 (Windows NT 10.0; Win64; x64) AppleWebKit/537.36 (KHTML, like Gecko) Chrome/135.0.0.0 Safari/537.36', '2025-04-24 01:21:12', '2025-04-17 01:21:12'),
(41, 3, 'd985d4638e232f2cf6826eef4b0c0966c0b9ccc739727aff6c755c8068e4e2f0', '::1', 'Mozilla/5.0 (Windows NT 10.0; Win64; x64) AppleWebKit/537.36 (KHTML, like Gecko) Chrome/135.0.0.0 Safari/537.36', '2025-04-24 05:40:08', '2025-04-17 05:40:07'),
(42, 3, 'aa9125734e660a3cb5990851f2f8b193e860b79c91ff93370e978537667ff7ad', '::1', 'Mozilla/5.0 (Windows NT 10.0; Win64; x64) AppleWebKit/537.36 (KHTML, like Gecko) Chrome/135.0.0.0 Safari/537.36', '2025-04-24 05:42:08', '2025-04-17 05:42:08'),
(43, 3, '6e2c03f3e1a9ddcbae2c47bb943cbb0acaa1fd8d974368ba0354f3fbc6d249d9', '::1', 'Mozilla/5.0 (Windows NT 10.0; Win64; x64) AppleWebKit/537.36 (KHTML, like Gecko) Chrome/135.0.0.0 Safari/537.36', '2025-04-24 05:44:50', '2025-04-17 05:44:49'),
(44, 3, 'd17ac6ad837622ae0d08fc35bd4a8153256a726efc171958df0d7b37adb144d5', '::1', 'Mozilla/5.0 (Windows NT 10.0; Win64; x64) AppleWebKit/537.36 (KHTML, like Gecko) Chrome/135.0.0.0 Safari/537.36', '2025-04-24 05:58:24', '2025-04-17 05:58:23'),
(45, 3, 'd94470a0736306f95062c8004f702a6caf191e837fbed4cdc3d9b1ddd61f392a', '::1', 'Mozilla/5.0 (Windows NT 10.0; Win64; x64) AppleWebKit/537.36 (KHTML, like Gecko) Chrome/135.0.0.0 Safari/537.36', '2025-04-24 06:00:21', '2025-04-17 06:00:21'),
(46, 3, '0cb7e34c17d3f70c405fcc3773f100a237b506e4eeffc7650167da8a20e483eb', '::1', 'Mozilla/5.0 (Windows NT 10.0; Win64; x64) AppleWebKit/537.36 (KHTML, like Gecko) Chrome/135.0.0.0 Safari/537.36', '2025-04-24 06:08:02', '2025-04-17 06:08:01'),
(47, 3, 'd0df06f03e91c47894560acd5a3f2f3b54ae7d6c5239c5af71e88a5811b6ead0', '::1', 'Mozilla/5.0 (Windows NT 10.0; Win64; x64) AppleWebKit/537.36 (KHTML, like Gecko) Chrome/135.0.0.0 Safari/537.36', '2025-04-24 07:15:04', '2025-04-17 07:15:03'),
(48, 3, '666ef5e1a1a8fb67530610076a1746ea39d5c5898d0ab24c6798b41a5f9fe526', '::1', 'Mozilla/5.0 (Windows NT 10.0; Win64; x64) AppleWebKit/537.36 (KHTML, like Gecko) Chrome/135.0.0.0 Safari/537.36', '2025-04-26 02:18:10', '2025-04-19 02:18:09'),
(49, 3, '523ee5c5bca9ce44fd426a651ff610cc579002df44bf09f01d76a2e5a18ed935', '::1', 'Mozilla/5.0 (Windows NT 10.0; Win64; x64) AppleWebKit/537.36 (KHTML, like Gecko) Chrome/135.0.0.0 Safari/537.36', '2025-04-28 01:36:54', '2025-04-21 01:36:54'),
(50, 3, '2a0004923f0a048b6f0d7f5b676522fe144ea28d2fd09461e7a5d3149d18deec', '::1', 'Mozilla/5.0 (Windows NT 10.0; Win64; x64) AppleWebKit/537.36 (KHTML, like Gecko) Chrome/135.0.0.0 Safari/537.36', '2025-04-28 04:01:11', '2025-04-21 04:01:10'),
(51, 3, '8b4b0dbea9c320a43385563d840dbc7908a24527e68a1ed16dcd8b99b63b9138', '::1', 'Mozilla/5.0 (Windows NT 10.0; Win64; x64) AppleWebKit/537.36 (KHTML, like Gecko) Chrome/135.0.0.0 Safari/537.36', '2025-04-28 09:45:05', '2025-04-21 09:45:05'),
(52, 3, '6694e1a0886b6c0ead7a0183bf7a62886b85751fd6ce6ac95a8585dacca1c75b', '::1', 'Mozilla/5.0 (Windows NT 10.0; Win64; x64) AppleWebKit/537.36 (KHTML, like Gecko) Chrome/135.0.0.0 Safari/537.36', '2025-04-29 02:42:01', '2025-04-22 02:42:01'),
(53, 3, 'e0f9f4071bada7396e90419f4b3ec08edf2b1af90e45cdaf98e088d9b617b6a7', '::1', 'Mozilla/5.0 (Windows NT 10.0; Win64; x64) AppleWebKit/537.36 (KHTML, like Gecko) Chrome/135.0.0.0 Safari/537.36', '2025-04-29 03:32:33', '2025-04-22 03:32:32'),
(54, 3, '3cfc0641788c4a0897fc8e38f396702f05e2f66c582eb5b9fd06bf5cf02e932a', '::1', 'Mozilla/5.0 (Windows NT 10.0; Win64; x64) AppleWebKit/537.36 (KHTML, like Gecko) Chrome/135.0.0.0 Safari/537.36', '2025-04-29 06:18:23', '2025-04-22 06:18:23'),
(55, 3, '8a7a21547f4f3a45360bce476daae92b996c306c709b7c01e780c88cc6261e14', '::1', 'Mozilla/5.0 (Windows NT 10.0; Win64; x64) AppleWebKit/537.36 (KHTML, like Gecko) Chrome/135.0.0.0 Safari/537.36', '2025-04-29 08:50:09', '2025-04-22 08:50:09'),
(56, 3, 'a3c4fe02620115b97a773c2f3e366297a73bf95b645261a3983d9cb7b87c67d4', '::1', 'PostmanRuntime/7.43.3', '2025-04-30 09:40:47', '2025-04-23 09:40:46'),
(57, 3, '3fae966e47b494d5dff0e8e6d84a2b62e7f80759a4e1f2ef2191586c5cbcdbde', '::1', 'Mozilla/5.0 (Windows NT 10.0; Win64; x64) AppleWebKit/537.36 (KHTML, like Gecko) Chrome/135.0.0.0 Safari/537.36', '2025-04-30 09:46:50', '2025-04-23 09:46:50'),
(58, 3, 'af8dd9a90b95203efb21cafab75e190914fa719676fdc0b0ccb811fdd4fefdab', '::1', 'Mozilla/5.0 (Windows NT 10.0; Win64; x64) AppleWebKit/537.36 (KHTML, like Gecko) Chrome/135.0.0.0 Safari/537.36', '2025-04-30 09:52:08', '2025-04-23 09:52:07'),
(59, 3, 'daba2ab4c6fbafff7ec4f77b6ad3a6e8a5073a2cb876ba4868f16ae163c63ae6', '::1', 'Mozilla/5.0 (Windows NT 10.0; Win64; x64) AppleWebKit/537.36 (KHTML, like Gecko) Chrome/135.0.0.0 Safari/537.36', '2025-05-01 02:15:02', '2025-04-24 02:15:02'),
(60, 3, 'aefeb77d2995cb56b82bb214a0b006aeae2a52bcd8c8b84d0cc2d1f2df78d8ef', '::1', 'Mozilla/5.0 (Windows NT 10.0; Win64; x64) AppleWebKit/537.36 (KHTML, like Gecko) Chrome/135.0.0.0 Safari/537.36', '2025-05-01 06:57:57', '2025-04-24 06:57:57'),
(61, 3, 'bcd91a6ffe43946ec5b405ddac6cfa0f98dab32f68887d7f640ba7a0d2e00154', '::1', 'Mozilla/5.0 (Windows NT 10.0; Win64; x64) AppleWebKit/537.36 (KHTML, like Gecko) Chrome/135.0.0.0 Safari/537.36', '2025-05-01 08:40:01', '2025-04-24 08:40:01'),
(62, 3, '04b51a1b55986d134db0a7436c7eeadd337d8877600fe0c32bc9dbf8e9e0a558', '::1', 'Mozilla/5.0 (Windows NT 10.0; Win64; x64) AppleWebKit/537.36 (KHTML, like Gecko) Chrome/135.0.0.0 Safari/537.36', '2025-05-01 09:43:11', '2025-04-24 09:43:11'),
(63, 3, 'cc3fbe2ccbacccce111c7cad4c162b094f4247c2dcd03975a628af35d042a165', '::1', 'Mozilla/5.0 (Windows NT 10.0; Win64; x64) AppleWebKit/537.36 (KHTML, like Gecko) Chrome/135.0.0.0 Safari/537.36', '2025-05-02 01:39:18', '2025-04-25 01:39:17'),
(64, 3, '090a06199bca54081bd3382e6104fc83158bd9b43ef2a92888a4309431d92b2f', '::1', 'Mozilla/5.0 (Windows NT 10.0; Win64; x64) AppleWebKit/537.36 (KHTML, like Gecko) Chrome/135.0.0.0 Safari/537.36', '2025-05-02 03:50:41', '2025-04-25 03:50:41'),
(65, 3, 'eb053cc26f1b0bb2a3824218ce62cc7756629f6a59726cbf39429b9977eb4cc0', '::1', 'Mozilla/5.0 (Windows NT 10.0; Win64; x64) AppleWebKit/537.36 (KHTML, like Gecko) Chrome/135.0.0.0 Safari/537.36', '2025-05-02 06:39:21', '2025-04-25 06:39:20'),
(66, 3, '292dfcdb84db7ec3040ade8f18e9cd917bff0928d4f7f30b25fe8d18c607fffd', '::1', 'Mozilla/5.0 (Windows NT 10.0; Win64; x64) AppleWebKit/537.36 (KHTML, like Gecko) Chrome/135.0.0.0 Safari/537.36', '2025-05-02 09:28:19', '2025-04-25 09:28:19'),
(67, 3, '89fbaf93b1cd2055aa0dcf78c7af60fdc1761777718df2a923b120abd1f7043c', '::1', 'Mozilla/5.0 (Windows NT 10.0; Win64; x64) AppleWebKit/537.36 (KHTML, like Gecko) Chrome/135.0.0.0 Safari/537.36', '2025-05-02 09:33:27', '2025-04-25 09:33:26'),
(68, 3, '4135d8f488e82f40847da28249500edc78124ab8c55b759ef940f2e780e67e81', '::1', 'Mozilla/5.0 (Windows NT 10.0; Win64; x64) AppleWebKit/537.36 (KHTML, like Gecko) Chrome/135.0.0.0 Safari/537.36', '2025-05-02 09:33:58', '2025-04-25 09:33:58'),
(69, 3, '700f4678d0d8a7dd53efac07f0bbd406e2b1225495d3828da83436e5a8f9558b', '::1', 'Mozilla/5.0 (Windows NT 10.0; Win64; x64) AppleWebKit/537.36 (KHTML, like Gecko) Chrome/135.0.0.0 Safari/537.36', '2025-05-05 01:11:18', '2025-04-28 01:11:17'),
(70, 3, '65389b6642a825fbea5a37681ea9ede5b6f330d85aaf0825b13c411d4c64ab2f', '::1', 'Mozilla/5.0 (Windows NT 10.0; Win64; x64) AppleWebKit/537.36 (KHTML, like Gecko) Chrome/135.0.0.0 Safari/537.36', '2025-05-05 02:30:27', '2025-04-28 02:30:26'),
(71, 3, '2118e36ad74788d0f90fa49933cae5d516748557bbe94ed4cc4a04dc50b50993', '::1', 'Mozilla/5.0 (Windows NT 10.0; Win64; x64) AppleWebKit/537.36 (KHTML, like Gecko) Chrome/135.0.0.0 Safari/537.36', '2025-05-05 07:14:54', '2025-04-28 07:14:53'),
(72, 3, 'b4351f76721eccf5944a537227e564ed392d245cf0f6c7bee70e701730dafd1c', '::1', 'Mozilla/5.0 (Windows NT 10.0; Win64; x64) AppleWebKit/537.36 (KHTML, like Gecko) Chrome/135.0.0.0 Safari/537.36', '2025-05-05 07:51:59', '2025-04-28 07:51:59'),
(73, 3, 'c6fb0da5416b1ee48be1c924e5717a6a0caf8cd2a233e1385cf528cbaf63336f', '::1', 'Mozilla/5.0 (Windows NT 10.0; Win64; x64) AppleWebKit/537.36 (KHTML, like Gecko) Chrome/135.0.0.0 Safari/537.36', '2025-05-05 08:34:40', '2025-04-28 08:34:39'),
(74, 3, 'fdc5cb2cebb2088e632721f755d5f6067dd8fe496c021857c19116ab170e62e3', '::1', 'Mozilla/5.0 (Windows NT 10.0; Win64; x64) AppleWebKit/537.36 (KHTML, like Gecko) Chrome/135.0.0.0 Safari/537.36', '2025-05-07 04:42:34', '2025-04-30 04:42:34'),
(75, 3, '169f5e67bd7cda340520333dfb063b6c076b064f62d39d9247a7b84e8ec69a80', '::1', 'Mozilla/5.0 (Windows NT 10.0; Win64; x64) AppleWebKit/537.36 (KHTML, like Gecko) Chrome/135.0.0.0 Safari/537.36', '2025-05-07 08:05:03', '2025-04-30 08:05:02'),
(76, 3, '1808c4e3f4364d2b1f4cccba0a7bea6a989af15d53b7d32d94d7e10d9ac5b139', '::1', 'Mozilla/5.0 (Windows NT 10.0; Win64; x64) AppleWebKit/537.36 (KHTML, like Gecko) Chrome/135.0.0.0 Safari/537.36', '2025-05-07 08:54:33', '2025-04-30 08:54:32'),
(77, 3, 'd04dfbb013624ff51663739761b5549c183bc7f3fc1ba7e27a3435cdddede28a', '::1', 'Mozilla/5.0 (Windows NT 10.0; Win64; x64) AppleWebKit/537.36 (KHTML, like Gecko) Chrome/136.0.0.0 Safari/537.36', '2025-05-12 07:34:08', '2025-05-05 07:34:08');

-- --------------------------------------------------------

--
-- Table structure for table `users`
--

CREATE TABLE `users` (
  `id` int NOT NULL,
  `name` varchar(255) DEFAULT NULL,
  `email` varchar(255) NOT NULL,
  `email_verified_at` timestamp NULL DEFAULT NULL,
  `password` varchar(255) NOT NULL,
  `remember_token` varchar(500) CHARACTER SET utf8mb4 COLLATE utf8mb4_general_ci DEFAULT NULL,
  `target_horizon` int DEFAULT NULL,
  `created_at` timestamp NULL DEFAULT CURRENT_TIMESTAMP,
  `updated_at` timestamp NULL DEFAULT CURRENT_TIMESTAMP ON UPDATE CURRENT_TIMESTAMP,
  `role` varchar(50) DEFAULT NULL,
  `secret_key` varchar(255) DEFAULT NULL,
  `temp_otp` varchar(6) DEFAULT NULL,
  `temp_otp_expiry` timestamp NULL DEFAULT NULL,
  `totp_secret` varchar(255) DEFAULT NULL,
  `two_fa_enabled` tinyint(1) DEFAULT '0',
  `backup_codes` text,
  `last_login_at` timestamp NULL DEFAULT NULL,
  `failed_login_attempts` int DEFAULT '0',
  `locked_until` timestamp NULL DEFAULT NULL,
  `is_active` tinyint(1) DEFAULT '1',
  `approved` tinyint(1) DEFAULT '0',
  `profile_picture` varchar(255) NOT NULL DEFAULT 'assets/images/default_profile.png',
  `theme` varchar(20) NOT NULL DEFAULT 'light'
) ENGINE=InnoDB DEFAULT CHARSET=utf8mb4 COLLATE=utf8mb4_general_ci;

--
-- Dumping data for table `users`
--

INSERT INTO `users` (`id`, `name`, `email`, `email_verified_at`, `password`, `remember_token`, `target_horizon`, `created_at`, `updated_at`, `role`, `secret_key`, `temp_otp`, `temp_otp_expiry`, `totp_secret`, `two_fa_enabled`, `backup_codes`, `last_login_at`, `failed_login_attempts`, `locked_until`, `is_active`, `approved`, `profile_picture`, `theme`) VALUES
(1, 'Super Admin', 'jedifuk@gmail.com', NULL, '$2b$10$9w8fifxwX/zk3iwLEW79Xuel4dj38YUZeK.W0W14AzvCg2j5kvGJ2', 'eyJhbGciOiJIUzI1NiIsInR5cCI6IkpXVCJ9.eyJpZCI6MSwiZW1haWwiOiJqZWRpZnVrQGdtYWlsLmNvbSIsImlhdCI6MTc0MzQzMjk3MCwiZXhwIjoxNzQzNDQwMTcwfQ.MrjXAoxQ6Mlbhg17g1jdpT2wqF7BX63j344TFqPmbcM', NULL, '2025-03-31 03:57:04', '2025-04-17 04:53:49', 'admin', NULL, NULL, NULL, NULL, 1, NULL, '2025-03-31 14:56:10', 0, NULL, 1, 1, 'assets/images/default_profile.png', 'light'),
(2, 'Test User', 'jedifuk@yahoo.com', NULL, '$2b$10$9w8fifxwX/zk3iwLEW79Xuel4dj38YUZeK.W0W14AzvCg2j5kvGJ2', 'eyJhbGciOiJIUzI1NiIsInR5cCI6IkpXVCJ9.eyJpZCI6MiwiZW1haWwiOiJqZWRpZnVrQHlhaG9vLmNvbSIsImlhdCI6MTc0Mzk0OTAyNywiZXhwIjoxNzQzOTU2MjI3fQ.A52Fry-7PguTWXRlo5YZ8eQL8yLp_LTgM4_Y1Vgq4ak', NULL, '2025-04-01 06:51:41', '2025-04-19 02:57:10', 'user', NULL, NULL, NULL, NULL, 1, NULL, '2025-04-06 14:17:07', 0, NULL, 1, 1, 'assets/images/users/test_user.jpeg', 'light'),
(3, 'Citra', 'zytrahidayat11@gmail.com', '2025-04-10 07:45:35', '$2b$10$DvyEtt4tKVDz5L3UIlD18e9kjElAZNuMhCrbQEzkfXw.nYtSWjw5W', 'eyJhbGciOiJIUzI1NiIsInR5cCI6IkpXVCJ9.eyJpZCI6MywiZW1haWwiOiJ6eXRyYWhpZGF5YXQxMUBnbWFpbC5jb20iLCJpYXQiOjE3NDY3ODA1OTUsImV4cCI6MTc0Njc4Nzc5NX0.xj9RT-81EPigg1cVhPjEr9ulcX9nJWQMB-JEbrwteFM', NULL, '2025-04-10 07:45:35', '2025-05-09 08:49:55', 'admin', NULL, NULL, NULL, NULL, 1, NULL, '2025-05-09 08:49:55', 0, NULL, 1, 1, 'assets/images/users/citra.jpeg', 'light'),
(21, 'Citra 2', 'rain.aozora.dev@gmail.com', NULL, '$2b$10$su5B7T1in5N88jaNya4SLukBdpNj/leIEetnCC6cG9gDeA1gUaIL.', NULL, NULL, '2025-04-19 03:20:24', '2025-04-19 03:20:24', 'user', NULL, NULL, NULL, NULL, 0, NULL, NULL, 0, NULL, 1, 1, 'assets/images/users/citra_2.png', 'light');

-- --------------------------------------------------------

--
-- Table structure for table `user_permissions`
--

CREATE TABLE `user_permissions` (
  `user_id` int NOT NULL,
  `permission_id` int NOT NULL
) ENGINE=InnoDB DEFAULT CHARSET=utf8mb4 COLLATE=utf8mb4_general_ci;

--
-- Dumping data for table `user_permissions`
--

INSERT INTO `user_permissions` (`user_id`, `permission_id`) VALUES
(1, 1),
(3, 1),
(1, 2),
(3, 2),
(1, 3),
(3, 3),
(1, 4),
(3, 4),
(1, 5),
(3, 5),
(1, 6),
(3, 6),
(1, 7),
(3, 7),
(1, 8),
(3, 8),
(1, 9),
(3, 9),
(1, 10),
(3, 10),
(1, 11),
(3, 11),
(1, 12),
(3, 12),
(1, 13),
(3, 13),
(1, 14),
(3, 14),
(1, 15),
(3, 15),
(1, 16),
(3, 16),
(1, 17),
(3, 17),
(1, 18),
(3, 18),
(1, 19),
(3, 19),
(1, 20),
(3, 20),
(1, 21),
(3, 21);

--
-- Indexes for dumped tables
--

--
-- Indexes for table `banks`
--
ALTER TABLE `banks`
  ADD PRIMARY KEY (`id`);

--
-- Indexes for table `donasis`
--
ALTER TABLE `donasis`
  ADD PRIMARY KEY (`id`),
  ADD KEY `donatur_id` (`donatur_id`),
  ADD KEY `program_id` (`program_id`);

--
-- Indexes for table `donaturs`
--
ALTER TABLE `donaturs`
  ADD PRIMARY KEY (`id`),
  ADD KEY `user_id` (`user_id`);

--
-- Indexes for table `ocr`
--
ALTER TABLE `ocr`
  ADD PRIMARY KEY (`id`),
  ADD KEY `transaction_id` (`transaction_id`),
  ADD KEY `donasi_id` (`donasi_id`);

--
-- Indexes for table `permissions`
--
ALTER TABLE `permissions`
  ADD PRIMARY KEY (`id`),
  ADD UNIQUE KEY `name` (`name`);

--
-- Indexes for table `programs`
--
ALTER TABLE `programs`
  ADD PRIMARY KEY (`id`);

--
-- Indexes for table `transaksis`
--
ALTER TABLE `transaksis`
  ADD PRIMARY KEY (`id`),
  ADD KEY `donatur_id` (`donatur_id`),
  ADD KEY `program_id` (`program_id`),
  ADD KEY `bank_id` (`bank_id`);

--
-- Indexes for table `trusted_devices`
--
ALTER TABLE `trusted_devices`
  ADD PRIMARY KEY (`id`),
  ADD KEY `user_id` (`user_id`);

--
-- Indexes for table `users`
--
ALTER TABLE `users`
  ADD PRIMARY KEY (`id`),
  ADD UNIQUE KEY `email` (`email`);

--
-- Indexes for table `user_permissions`
--
ALTER TABLE `user_permissions`
  ADD PRIMARY KEY (`user_id`,`permission_id`),
  ADD KEY `permission_id` (`permission_id`);

--
-- AUTO_INCREMENT for dumped tables
--

--
-- AUTO_INCREMENT for table `banks`
--
ALTER TABLE `banks`
  MODIFY `id` int NOT NULL AUTO_INCREMENT, AUTO_INCREMENT=3;

--
-- AUTO_INCREMENT for table `donasis`
--
ALTER TABLE `donasis`
  MODIFY `id` int NOT NULL AUTO_INCREMENT, AUTO_INCREMENT=3;

--
-- AUTO_INCREMENT for table `donaturs`
--
ALTER TABLE `donaturs`
  MODIFY `id` int NOT NULL AUTO_INCREMENT, AUTO_INCREMENT=8;

--
-- AUTO_INCREMENT for table `ocr`
--
ALTER TABLE `ocr`
  MODIFY `id` int NOT NULL AUTO_INCREMENT;

--
-- AUTO_INCREMENT for table `permissions`
--
ALTER TABLE `permissions`
  MODIFY `id` int NOT NULL AUTO_INCREMENT, AUTO_INCREMENT=22;

--
-- AUTO_INCREMENT for table `programs`
--
ALTER TABLE `programs`
  MODIFY `id` int NOT NULL AUTO_INCREMENT, AUTO_INCREMENT=7;

--
-- AUTO_INCREMENT for table `transaksis`
--
ALTER TABLE `transaksis`
  MODIFY `id` int NOT NULL AUTO_INCREMENT, AUTO_INCREMENT=3;

--
-- AUTO_INCREMENT for table `trusted_devices`
--
ALTER TABLE `trusted_devices`
  MODIFY `id` int NOT NULL AUTO_INCREMENT, AUTO_INCREMENT=78;

--
-- AUTO_INCREMENT for table `users`
--
ALTER TABLE `users`
  MODIFY `id` int NOT NULL AUTO_INCREMENT, AUTO_INCREMENT=22;

--
-- Constraints for dumped tables
--

--
-- Constraints for table `donasis`
--
ALTER TABLE `donasis`
  ADD CONSTRAINT `donasis_ibfk_1` FOREIGN KEY (`donatur_id`) REFERENCES `donaturs` (`id`) ON DELETE CASCADE,
  ADD CONSTRAINT `donasis_ibfk_2` FOREIGN KEY (`program_id`) REFERENCES `programs` (`id`) ON DELETE CASCADE;

--
-- Constraints for table `donaturs`
--
ALTER TABLE `donaturs`
  ADD CONSTRAINT `donaturs_ibfk_1` FOREIGN KEY (`user_id`) REFERENCES `users` (`id`) ON DELETE SET NULL;

--
-- Constraints for table `ocr`
--
ALTER TABLE `ocr`
  ADD CONSTRAINT `ocr_ibfk_1` FOREIGN KEY (`transaction_id`) REFERENCES `transaksis` (`id`) ON DELETE SET NULL,
  ADD CONSTRAINT `ocr_ibfk_2` FOREIGN KEY (`donasi_id`) REFERENCES `donasis` (`id`) ON DELETE SET NULL;

--
-- Constraints for table `transaksis`
--
ALTER TABLE `transaksis`
  ADD CONSTRAINT `transaksis_ibfk_1` FOREIGN KEY (`donatur_id`) REFERENCES `donaturs` (`id`) ON DELETE CASCADE,
  ADD CONSTRAINT `transaksis_ibfk_2` FOREIGN KEY (`program_id`) REFERENCES `programs` (`id`) ON DELETE CASCADE,
  ADD CONSTRAINT `transaksis_ibfk_3` FOREIGN KEY (`bank_id`) REFERENCES `banks` (`id`) ON DELETE SET NULL;

--
-- Constraints for table `trusted_devices`
--
ALTER TABLE `trusted_devices`
  ADD CONSTRAINT `trusted_devices_ibfk_1` FOREIGN KEY (`user_id`) REFERENCES `users` (`id`) ON DELETE CASCADE;

--
-- Constraints for table `user_permissions`
--
ALTER TABLE `user_permissions`
  ADD CONSTRAINT `user_permissions_ibfk_1` FOREIGN KEY (`user_id`) REFERENCES `users` (`id`) ON DELETE CASCADE,
  ADD CONSTRAINT `user_permissions_ibfk_2` FOREIGN KEY (`permission_id`) REFERENCES `permissions` (`id`) ON DELETE CASCADE;
COMMIT;

/*!40101 SET CHARACTER_SET_CLIENT=@OLD_CHARACTER_SET_CLIENT */;
/*!40101 SET CHARACTER_SET_RESULTS=@OLD_CHARACTER_SET_RESULTS */;
/*!40101 SET COLLATION_CONNECTION=@OLD_COLLATION_CONNECTION */;
